,dateTime,value.demographicVO2Max,value.demographicVO2MaxError,value.filteredDemographicVO2Max,value.filteredDemographicVO2MaxError
0,01/12/17 00:00:00,45.97793,3.0000000000000004,45.97793,3.0000000000000004
1,01/13/17 00:00:00,46.294610000000006,3.0000000000000004,46.13758000000001,1.5123900000000001
2,01/14/17 00:00:00,45.61847,3.0000000000000004,45.959810000000004,1.0273400000000001
3,01/15/17 00:00:00,45.881370000000004,3.0000000000000004,45.939080000000004,0.7926700000000001
4,01/16/17 00:00:00,46.16465,3.0000000000000004,45.98854,0.6578700000000001
5,01/17/17 00:00:00,46.16821,3.0000000000000004,46.02284,0.5727300000000001
6,01/18/17 00:00:00,46.146800000000006,3.0000000000000004,46.044140000000006,0.51568
7,01/19/17 00:00:00,46.446630000000006,3.0000000000000004,46.10799,0.47593
8,01/20/17 00:00:00,45.971990000000005,3.0000000000000004,46.087700000000005,0.44748000000000004
9,01/21/17 00:00:00,45.470380000000006,3.0000000000000004,45.99989,0.42671000000000003
10,01/22/17 00:00:00,45.278470000000006,3.0000000000000004,45.90097,0.41134000000000004
11,01/23/17 00:00:00,45.51305000000001,3.0000000000000004,45.84926,0.39985000000000004
12,01/24/17 00:00:00,45.331880000000005,3.0000000000000004,45.78179,0.39119000000000004
13,01/25/17 00:00:00,45.2306,3.0000000000000004,45.71112,0.38462
14,01/26/17 00:00:00,45.32233,3.0000000000000004,45.66192,0.37962
15,01/27/17 00:00:00,45.37498,3.0000000000000004,45.62597,0.3758
16,01/28/17 00:00:00,44.70665,3.0000000000000004,45.511700000000005,0.37287000000000003
17,01/29/17 00:00:00,45.37086,3.0000000000000004,45.4943,0.37062
18,01/30/17 00:00:00,45.408060000000006,3.0000000000000004,45.48369,0.36889000000000005
19,01/31/17 00:00:00,45.738820000000004,3.0000000000000004,45.51494,0.36756000000000005
20,02/01/17 00:00:00,45.53721,3.0000000000000004,45.51766000000001,0.36654000000000003
21,02/02/17 00:00:00,45.35842,3.0000000000000004,45.49824,0.36575
22,02/03/17 00:00:00,45.55845,3.0000000000000004,45.50556,0.36514
23,02/04/17 00:00:00,45.585040000000006,3.0000000000000004,45.51522000000001,0.36467000000000005
24,02/05/17 00:00:00,45.7424,3.0000000000000004,45.54280000000001,0.36431
25,02/06/17 00:00:00,45.258190000000006,3.0000000000000004,45.50826000000001,0.36403
26,02/07/17 00:00:00,45.63779,3.0000000000000004,45.52396,0.36381
27,02/08/17 00:00:00,45.85636,3.0000000000000004,45.56425,0.36364
28,02/09/17 00:00:00,45.37953,3.0000000000000004,45.54186000000001,0.36351000000000006
29,02/10/17 00:00:00,45.70765,3.0000000000000004,45.56194000000001,0.36341
30,02/11/17 00:00:00,45.89659,3.0000000000000004,45.602470000000004,0.36334000000000005
31,02/12/17 00:00:00,46.005370000000006,3.0000000000000004,45.65126,0.36328000000000005
32,02/13/17 00:00:00,46.369350000000004,3.0000000000000004,45.738200000000006,0.36324
33,02/14/17 00:00:00,45.825590000000005,3.0000000000000004,45.748780000000004,0.3632
34,02/15/17 00:00:00,46.26583,3.0000000000000004,45.811370000000004,0.36317000000000005
35,02/16/17 00:00:00,46.21799,3.0000000000000004,45.86059,0.36315000000000003
36,02/17/17 00:00:00,46.491780000000006,3.0000000000000004,45.93699,0.36313
37,02/18/17 00:00:00,46.093540000000004,3.0000000000000004,45.95593,0.36312000000000005
38,02/19/17 00:00:00,45.949850000000005,3.0000000000000004,45.95519,0.36311000000000004
39,02/20/17 00:00:00,46.19776,3.0000000000000004,45.98454,0.36310000000000003
40,02/21/17 00:00:00,45.67844,3.0000000000000004,45.94749,0.36310000000000003
41,02/22/17 00:00:00,45.562380000000005,3.0000000000000004,45.900870000000005,0.36310000000000003
42,02/23/17 00:00:00,44.849140000000006,3.0000000000000004,45.77357000000001,0.36310000000000003
43,02/24/17 00:00:00,44.63725,3.0000000000000004,45.636030000000005,0.36310000000000003
44,02/25/17 00:00:00,43.910650000000004,3.0000000000000004,45.427200000000006,0.36310000000000003
45,02/26/17 00:00:00,43.05017,3.0000000000000004,45.13949,0.36310000000000003
46,02/27/17 00:00:00,42.48208,3.0000000000000004,44.81785000000001,0.36310000000000003
47,02/28/17 00:00:00,42.331700000000005,3.0000000000000004,44.516940000000005,0.36310000000000003
48,03/01/17 00:00:00,42.34875,3.0000000000000004,44.25451,0.36310000000000003
49,03/02/17 00:00:00,41.82885,3.0000000000000004,43.96092,0.36310000000000003
50,03/03/17 00:00:00,41.114650000000005,3.0000000000000004,43.616420000000005,0.36310000000000003
51,03/04/17 00:00:00,40.533930000000005,3.0000000000000004,43.24333,0.36310000000000003
52,03/05/17 00:00:00,40.128910000000005,3.0000000000000004,42.86638000000001,0.36310000000000003
53,03/21/17 00:00:00,41.74302,3.0000000000000004,42.552530000000004,0.8381400000000001
54,03/22/17 00:00:00,42.64307,3.0000000000000004,42.57321,0.6852600000000001
55,03/23/17 00:00:00,42.5191,3.0000000000000004,42.562560000000005,0.59052
56,03/24/17 00:00:00,42.93903,3.0000000000000004,42.62879,0.52783
57,03/25/17 00:00:00,42.43482,3.0000000000000004,42.59747,0.48451000000000005
58,03/26/17 00:00:00,42.765420000000006,3.0000000000000004,42.62286,0.45367
59,03/27/17 00:00:00,43.42253,3.0000000000000004,42.737820000000006,0.43127000000000004
60,03/28/17 00:00:00,43.111630000000005,3.0000000000000004,42.789500000000004,0.41473000000000004
61,03/29/17 00:00:00,43.57401,3.0000000000000004,42.89473,0.40240000000000004
62,03/30/17 00:00:00,43.99145,3.0000000000000004,43.03844,0.39311
63,03/31/17 00:00:00,43.92327,3.0000000000000004,43.15232,0.38609000000000004
64,04/01/17 00:00:00,43.52145,3.0000000000000004,43.19917,0.38074
65,04/02/17 00:00:00,42.82237000000001,3.0000000000000004,43.151860000000006,0.37666000000000005
66,04/03/17 00:00:00,42.863200000000006,3.0000000000000004,43.11592,0.37353000000000003
67,04/04/17 00:00:00,43.49692,3.0000000000000004,43.163050000000005,0.37114
68,04/05/17 00:00:00,43.62355,3.0000000000000004,43.21974,0.36929
69,04/06/17 00:00:00,44.12747,3.0000000000000004,43.331050000000005,0.36788000000000004
70,04/07/17 00:00:00,44.38996,3.0000000000000004,43.46052,0.36678000000000005
71,04/08/17 00:00:00,43.63665,3.0000000000000004,43.482000000000006,0.36594000000000004
72,04/09/17 00:00:00,43.3188,3.0000000000000004,43.46213,0.36529
73,04/10/17 00:00:00,43.259220000000006,3.0000000000000004,43.43746,0.36479
74,04/11/17 00:00:00,42.54965000000001,3.0000000000000004,43.32961,0.36441
75,04/12/17 00:00:00,42.734930000000006,3.0000000000000004,43.25744,0.36411000000000004
76,04/13/17 00:00:00,42.97148000000001,3.0000000000000004,43.222750000000005,0.36388000000000004
77,04/14/17 00:00:00,43.10568000000001,3.0000000000000004,43.208560000000006,0.3637
78,04/15/17 00:00:00,43.6298,3.0000000000000004,43.25961,0.36357
79,04/16/17 00:00:00,43.18629000000001,3.0000000000000004,43.250730000000004,0.36346
80,04/17/17 00:00:00,42.6332,3.0000000000000004,43.17593,0.36338000000000004
81,04/18/17 00:00:00,43.21537,3.0000000000000004,43.1807,0.36331
82,04/19/17 00:00:00,43.96557000000001,3.0000000000000004,43.275740000000006,0.36327000000000004
83,04/20/17 00:00:00,43.78087,3.0000000000000004,43.33690000000001,0.36323000000000005
84,04/21/17 00:00:00,44.06662,3.0000000000000004,43.425250000000005,0.3632
85,04/22/17 00:00:00,43.50945,3.0000000000000004,43.43544000000001,0.36318
86,04/23/17 00:00:00,43.219770000000004,3.0000000000000004,43.409330000000004,0.36316000000000004
87,04/24/17 00:00:00,43.56564,3.0000000000000004,43.428250000000006,0.36315000000000003
88,04/25/17 00:00:00,43.29316,3.0000000000000004,43.4119,0.36313
89,04/26/17 00:00:00,43.44028,3.0000000000000004,43.41534,0.36313
90,04/27/17 00:00:00,42.927330000000005,3.0000000000000004,43.35627,0.36312000000000005
91,04/28/17 00:00:00,43.079890000000006,3.0000000000000004,43.322810000000004,0.36312000000000005
92,04/29/17 00:00:00,43.46553,3.0000000000000004,43.340090000000004,0.36311000000000004
93,04/30/17 00:00:00,43.38967,3.0000000000000004,43.346090000000004,0.36311000000000004
94,05/01/17 00:00:00,44.275710000000004,3.0000000000000004,43.45861,0.36311000000000004
95,05/02/17 00:00:00,43.58943,3.0000000000000004,43.47444,0.36311000000000004
96,05/03/17 00:00:00,43.964940000000006,3.0000000000000004,43.53381,0.36310000000000003
97,05/04/17 00:00:00,44.66574000000001,3.0000000000000004,43.67081,0.36310000000000003
98,05/05/17 00:00:00,44.403330000000004,3.0000000000000004,43.75947,0.36310000000000003
99,05/06/17 00:00:00,44.278200000000005,3.0000000000000004,43.82226000000001,0.36310000000000003
100,05/07/17 00:00:00,44.55474,3.0000000000000004,43.91091,0.36310000000000003
101,05/08/17 00:00:00,43.998810000000006,3.0000000000000004,43.92155,0.36310000000000003
102,05/09/17 00:00:00,43.775000000000006,3.0000000000000004,43.90382,0.36310000000000003
103,05/10/17 00:00:00,43.741510000000005,3.0000000000000004,43.884170000000005,0.36310000000000003
104,05/11/17 00:00:00,43.31761,3.0000000000000004,43.8156,0.36310000000000003
105,05/12/17 00:00:00,43.81893,3.0000000000000004,43.816,0.36310000000000003
106,05/13/17 00:00:00,43.808350000000004,3.0000000000000004,43.815070000000006,0.36310000000000003
107,05/14/17 00:00:00,43.20376,3.0000000000000004,43.741080000000004,0.36310000000000003
108,05/15/17 00:00:00,43.5439,3.0000000000000004,43.717220000000005,0.36310000000000003
109,05/16/17 00:00:00,43.50036,3.0000000000000004,43.69097,0.36310000000000003
110,05/17/17 00:00:00,43.92416,3.0000000000000004,43.719190000000005,0.36310000000000003
111,05/18/17 00:00:00,43.71931,3.0000000000000004,43.719210000000004,0.36310000000000003
112,05/19/17 00:00:00,43.75099,3.0000000000000004,43.72305,0.36310000000000003
113,05/20/17 00:00:00,43.586670000000005,3.0000000000000004,43.70655000000001,0.36310000000000003
114,05/21/17 00:00:00,43.339800000000004,3.0000000000000004,43.66216,0.36310000000000003
115,05/22/17 00:00:00,43.393840000000004,3.0000000000000004,43.62968,0.36310000000000003
116,05/23/17 00:00:00,43.42004,3.0000000000000004,43.604310000000005,0.36310000000000003
117,05/24/17 00:00:00,43.730070000000005,3.0000000000000004,43.619530000000005,0.36310000000000003
118,05/25/17 00:00:00,44.058350000000004,3.0000000000000004,43.67264,0.36310000000000003
119,05/26/17 00:00:00,43.728660000000005,3.0000000000000004,43.67942,0.36310000000000003
120,05/27/17 00:00:00,43.65377,3.0000000000000004,43.676320000000004,0.36310000000000003
121,05/28/17 00:00:00,43.921800000000005,3.0000000000000004,43.706030000000005,0.36310000000000003
122,05/29/17 00:00:00,43.12064,3.0000000000000004,43.635180000000005,0.36310000000000003
123,05/30/17 00:00:00,43.02673,3.0000000000000004,43.561530000000005,0.36310000000000003
124,05/31/17 00:00:00,43.08861,3.0000000000000004,43.504290000000005,0.36310000000000003
125,06/01/17 00:00:00,42.99226,3.0000000000000004,43.44232,0.36310000000000003
126,06/02/17 00:00:00,43.611110000000004,3.0000000000000004,43.46275000000001,0.36310000000000003
127,06/03/17 00:00:00,42.796380000000006,3.0000000000000004,43.382090000000005,0.36310000000000003
128,06/04/17 00:00:00,43.422720000000005,3.0000000000000004,43.387010000000004,0.36310000000000003
129,06/05/17 00:00:00,43.8459,3.0000000000000004,43.442550000000004,0.36310000000000003
130,06/06/17 00:00:00,43.73449,3.0000000000000004,43.47789,0.36310000000000003
131,06/07/17 00:00:00,43.807010000000005,3.0000000000000004,43.517720000000004,0.36310000000000003
132,06/08/17 00:00:00,43.84973,3.0000000000000004,43.55791000000001,0.36310000000000003
133,06/09/17 00:00:00,43.42219,3.0000000000000004,43.54148000000001,0.36310000000000003
134,06/10/17 00:00:00,43.26878000000001,3.0000000000000004,43.50847,0.36310000000000003
135,06/11/17 00:00:00,42.633700000000005,3.0000000000000004,43.40260000000001,0.36310000000000003
136,06/12/17 00:00:00,43.12015,3.0000000000000004,43.368410000000004,0.36310000000000003
137,06/13/17 00:00:00,43.70434,3.0000000000000004,43.40907000000001,0.36310000000000003
138,06/14/17 00:00:00,44.042100000000005,3.0000000000000004,43.485690000000005,0.36310000000000003
139,06/15/17 00:00:00,44.773700000000005,3.0000000000000004,43.641580000000005,0.36310000000000003
140,06/16/17 00:00:00,44.14593000000001,3.0000000000000004,43.702630000000006,0.36310000000000003
141,06/17/17 00:00:00,43.660470000000004,3.0000000000000004,43.697520000000004,0.36310000000000003
142,06/18/17 00:00:00,43.756170000000004,3.0000000000000004,43.704620000000006,0.36310000000000003
143,06/19/17 00:00:00,43.453030000000005,3.0000000000000004,43.674170000000004,0.36310000000000003
144,06/20/17 00:00:00,43.98718,3.0000000000000004,43.71206,0.36310000000000003
145,06/21/17 00:00:00,44.11242,3.0000000000000004,43.760510000000004,0.36310000000000003
146,06/22/17 00:00:00,43.709430000000005,3.0000000000000004,43.75433,0.36310000000000003
147,06/23/17 00:00:00,43.349650000000004,3.0000000000000004,43.70535,0.36310000000000003
148,06/24/17 00:00:00,43.15408,3.0000000000000004,43.638630000000006,0.36310000000000003
149,06/25/17 00:00:00,43.1492,3.0000000000000004,43.579390000000004,0.36310000000000003
150,06/26/17 00:00:00,43.115050000000004,3.0000000000000004,43.52319000000001,0.36310000000000003
151,06/27/17 00:00:00,43.0822,3.0000000000000004,43.46981,0.36310000000000003
152,06/28/17 00:00:00,43.185340000000004,3.0000000000000004,43.43538,0.36310000000000003
153,06/29/17 00:00:00,43.96338,3.0000000000000004,43.49929,0.36310000000000003
154,06/30/17 00:00:00,43.955870000000004,3.0000000000000004,43.554550000000006,0.36310000000000003
155,07/01/17 00:00:00,44.181830000000005,3.0000000000000004,43.63047,0.36310000000000003
156,07/02/17 00:00:00,43.71351000000001,3.0000000000000004,43.64052,0.36310000000000003
157,07/03/17 00:00:00,43.001290000000004,3.0000000000000004,43.56315,0.36310000000000003
158,07/04/17 00:00:00,43.45852,3.0000000000000004,43.55049,0.36310000000000003
159,07/05/17 00:00:00,44.361740000000005,3.0000000000000004,43.64867,0.36310000000000003
160,07/06/17 00:00:00,43.893660000000004,3.0000000000000004,43.67833,0.36310000000000003
161,07/07/17 00:00:00,43.84883000000001,3.0000000000000004,43.69896000000001,0.36310000000000003
162,07/08/17 00:00:00,43.2021,3.0000000000000004,43.638830000000006,0.36310000000000003
163,07/09/17 00:00:00,43.831770000000006,3.0000000000000004,43.662180000000006,0.36310000000000003
164,07/10/17 00:00:00,43.883520000000004,3.0000000000000004,43.688970000000005,0.36310000000000003
165,07/11/17 00:00:00,43.754000000000005,3.0000000000000004,43.69684,0.36310000000000003
166,07/12/17 00:00:00,43.74757,3.0000000000000004,43.702980000000004,0.36310000000000003
167,07/13/17 00:00:00,43.58773,3.0000000000000004,43.68903,0.36310000000000003
168,07/14/17 00:00:00,44.23265000000001,3.0000000000000004,43.754830000000005,0.36310000000000003
169,07/15/17 00:00:00,43.728440000000006,3.0000000000000004,43.751630000000006,0.36310000000000003
170,07/16/17 00:00:00,43.912620000000004,3.0000000000000004,43.77112,0.36310000000000003
171,07/17/17 00:00:00,44.412780000000005,3.0000000000000004,43.848780000000005,0.36310000000000003
172,07/18/17 00:00:00,44.16467,3.0000000000000004,43.88702000000001,0.36310000000000003
173,07/19/17 00:00:00,44.525780000000005,3.0000000000000004,43.964330000000004,0.36310000000000003
174,07/20/17 00:00:00,45.29963,3.0000000000000004,44.12595,0.36310000000000003
175,07/21/17 00:00:00,45.79478,3.0000000000000004,44.32793,0.36310000000000003
176,07/22/17 00:00:00,45.624660000000006,3.0000000000000004,44.484880000000004,0.36310000000000003
177,07/23/17 00:00:00,45.596560000000004,3.0000000000000004,44.61943,0.36310000000000003
178,07/24/17 00:00:00,46.35562,3.0000000000000004,44.829570000000004,0.36310000000000003
179,07/25/17 00:00:00,46.267,3.0000000000000004,45.003550000000004,0.36310000000000003
180,07/26/17 00:00:00,46.3864,3.0000000000000004,45.17092,0.36310000000000003
181,07/27/17 00:00:00,46.034800000000004,3.0000000000000004,45.27548,0.36310000000000003
182,07/28/17 00:00:00,45.67161,3.0000000000000004,45.32343,0.36310000000000003
183,07/29/17 00:00:00,44.97710000000001,3.0000000000000004,45.281510000000004,0.36310000000000003
184,07/30/17 00:00:00,45.314510000000006,3.0000000000000004,45.285500000000006,0.36310000000000003
185,07/31/17 00:00:00,44.887570000000004,3.0000000000000004,45.23734,0.36310000000000003
186,08/01/17 00:00:00,44.70879,3.0000000000000004,45.173370000000006,0.36310000000000003
187,08/02/17 00:00:00,45.390150000000006,3.0000000000000004,45.199600000000004,0.36310000000000003
188,08/03/17 00:00:00,45.73601,3.0000000000000004,45.26453,0.36310000000000003
189,08/04/17 00:00:00,45.114520000000006,3.0000000000000004,45.246370000000006,0.36310000000000003
190,08/05/17 00:00:00,45.247330000000005,3.0000000000000004,45.24649,0.36310000000000003
191,08/06/17 00:00:00,45.09568,3.0000000000000004,45.22823,0.36310000000000003
192,08/07/17 00:00:00,45.44952000000001,3.0000000000000004,45.25502,0.36310000000000003
193,08/08/17 00:00:00,44.926230000000004,3.0000000000000004,45.21522,0.36310000000000003
194,08/09/17 00:00:00,44.95158000000001,3.0000000000000004,45.183310000000006,0.36310000000000003
195,08/10/17 00:00:00,45.690310000000004,3.0000000000000004,45.24468,0.36310000000000003
196,08/11/17 00:00:00,46.12858000000001,3.0000000000000004,45.35166,0.36310000000000003
197,08/12/17 00:00:00,46.099920000000004,3.0000000000000004,45.44223,0.36310000000000003
198,08/13/17 00:00:00,46.24723,3.0000000000000004,45.539660000000005,0.36310000000000003
199,08/14/17 00:00:00,46.19082,3.0000000000000004,45.61847,0.36310000000000003
200,08/15/17 00:00:00,47.302800000000005,3.0000000000000004,45.822340000000004,0.36310000000000003
201,08/16/17 00:00:00,46.91655,3.0000000000000004,45.95477,0.36310000000000003
202,08/17/17 00:00:00,46.04751,3.0000000000000004,45.966,0.36310000000000003
203,08/18/17 00:00:00,46.84429,3.0000000000000004,46.072300000000006,0.36310000000000003
204,08/19/17 00:00:00,46.2956,3.0000000000000004,46.09933,0.36310000000000003
205,08/20/17 00:00:00,45.53202,3.0000000000000004,46.030660000000005,0.36310000000000003
206,08/21/17 00:00:00,43.983250000000005,3.0000000000000004,45.78286000000001,0.36310000000000003
207,08/22/17 00:00:00,42.44749,3.0000000000000004,45.379160000000006,0.36310000000000003
208,08/23/17 00:00:00,41.72538,3.0000000000000004,44.936930000000004,0.36310000000000003
209,08/24/17 00:00:00,41.0152,3.0000000000000004,44.46226,0.36310000000000003
210,08/25/17 00:00:00,40.89358,3.0000000000000004,44.030330000000006,0.36310000000000003
211,08/26/17 00:00:00,41.18005,3.0000000000000004,43.685340000000004,0.36310000000000003
212,08/27/17 00:00:00,41.23539,3.0000000000000004,43.38881000000001,0.36310000000000003
213,08/28/17 00:00:00,42.1212,3.0000000000000004,43.23539,0.36310000000000003
214,08/29/17 00:00:00,42.57838,3.0000000000000004,43.15587,0.36310000000000003
215,08/30/17 00:00:00,42.57838,3.0000000000000004,43.08597,0.36310000000000003
216,08/31/17 00:00:00,42.57838,3.0000000000000004,43.02454,0.36310000000000003
217,09/01/17 00:00:00,42.57838,3.0000000000000004,42.97054000000001,0.36310000000000003
218,09/02/17 00:00:00,42.255750000000006,3.0000000000000004,42.88402000000001,0.36310000000000003
219,09/03/17 00:00:00,42.83538,3.0000000000000004,42.878130000000006,0.36310000000000003
220,09/04/17 00:00:00,43.592510000000004,3.0000000000000004,42.964600000000004,0.36310000000000003
221,09/05/17 00:00:00,44.949780000000004,3.0000000000000004,43.20488,0.36310000000000003
222,09/06/17 00:00:00,44.56891,3.0000000000000004,43.36997,0.36310000000000003
223,09/07/17 00:00:00,44.56891,3.0000000000000004,43.515080000000005,0.36310000000000003
224,09/08/17 00:00:00,45.04804,3.0000000000000004,43.70062,0.36310000000000003
225,09/09/17 00:00:00,45.44494,3.0000000000000004,43.911750000000005,0.36310000000000003
226,09/10/17 00:00:00,45.48275,3.0000000000000004,44.101890000000004,0.36310000000000003
227,09/11/17 00:00:00,45.07918,3.0000000000000004,44.220180000000006,0.36310000000000003
228,09/12/17 00:00:00,45.18746,3.0000000000000004,44.337250000000004,0.36310000000000003
229,09/13/17 00:00:00,45.025760000000005,3.0000000000000004,44.420590000000004,0.36310000000000003
230,09/14/17 00:00:00,44.95718,3.0000000000000004,44.485530000000004,0.36310000000000003
231,09/15/17 00:00:00,45.24137,3.0000000000000004,44.577020000000005,0.36310000000000003
232,09/16/17 00:00:00,45.41328,3.0000000000000004,44.678230000000006,0.36310000000000003
233,09/17/17 00:00:00,44.89298,3.0000000000000004,44.70423,0.36310000000000003
234,09/18/17 00:00:00,44.131040000000006,3.0000000000000004,44.63485,0.36310000000000003
235,09/19/17 00:00:00,43.6691,3.0000000000000004,44.51796,0.36310000000000003
236,09/20/17 00:00:00,43.807750000000006,3.0000000000000004,44.432,0.36310000000000003
237,09/21/17 00:00:00,43.289660000000005,3.0000000000000004,44.29374000000001,0.36310000000000003
238,09/22/17 00:00:00,42.920790000000004,3.0000000000000004,44.12756,0.36310000000000003
239,09/23/17 00:00:00,42.89674,3.0000000000000004,43.978590000000004,0.36310000000000003
240,09/24/17 00:00:00,42.925470000000004,3.0000000000000004,43.851130000000005,0.36310000000000003
241,09/25/17 00:00:00,43.005140000000004,3.0000000000000004,43.74873,0.36310000000000003
242,09/26/17 00:00:00,43.57705000000001,3.0000000000000004,43.72795000000001,0.36310000000000003
243,09/27/17 00:00:00,43.70183,3.0000000000000004,43.724790000000006,0.36310000000000003
244,09/28/17 00:00:00,43.70183,3.0000000000000004,43.722010000000004,0.36310000000000003
245,09/29/17 00:00:00,43.70183,3.0000000000000004,43.719570000000004,0.36310000000000003
246,09/30/17 00:00:00,44.15531000000001,3.0000000000000004,43.772310000000004,0.36310000000000003
247,10/01/17 00:00:00,44.5065,3.0000000000000004,43.86117,0.36310000000000003
248,10/02/17 00:00:00,44.100300000000004,3.0000000000000004,43.89011000000001,0.36310000000000003
249,10/03/17 00:00:00,44.02938,3.0000000000000004,43.90697,0.36310000000000003
250,10/04/17 00:00:00,43.48973,3.0000000000000004,43.85647,0.36310000000000003
251,10/05/17 00:00:00,43.408970000000004,3.0000000000000004,43.802310000000006,0.36310000000000003
252,10/06/17 00:00:00,43.282900000000005,3.0000000000000004,43.73944,0.36310000000000003
253,10/07/17 00:00:00,42.99767000000001,3.0000000000000004,43.649660000000004,0.36310000000000003
254,10/08/17 00:00:00,41.123050000000006,3.0000000000000004,43.34385,0.36310000000000003
255,10/09/17 00:00:00,41.675200000000004,3.0000000000000004,43.141890000000004,0.36310000000000003
256,10/10/17 00:00:00,42.43104,3.0000000000000004,43.05585000000001,0.36310000000000003
257,10/11/17 00:00:00,41.87792,3.0000000000000004,42.91328,0.36310000000000003
258,10/12/17 00:00:00,41.87792,3.0000000000000004,42.787960000000005,0.36310000000000003
259,10/13/17 00:00:00,41.904410000000006,3.0000000000000004,42.681020000000004,0.36310000000000003
260,10/14/17 00:00:00,42.327040000000004,3.0000000000000004,42.638180000000006,0.36310000000000003
261,10/15/17 00:00:00,42.62670000000001,3.0000000000000004,42.636790000000005,0.36310000000000003
262,10/16/17 00:00:00,42.590990000000005,3.0000000000000004,42.63125,0.36310000000000003
263,10/17/17 00:00:00,43.05118,3.0000000000000004,42.68207,0.36310000000000003
264,10/18/17 00:00:00,42.571780000000004,3.0000000000000004,42.66872,0.36310000000000003
265,10/19/17 00:00:00,42.661730000000006,3.0000000000000004,42.667880000000004,0.36310000000000003
266,10/20/17 00:00:00,43.16386000000001,3.0000000000000004,42.72791,0.36310000000000003
267,10/21/17 00:00:00,43.01406,3.0000000000000004,42.76254,0.36310000000000003
268,10/22/17 00:00:00,43.01406,3.0000000000000004,42.79299,0.36310000000000003
269,10/23/17 00:00:00,43.01406,3.0000000000000004,42.81974,0.36310000000000003
270,10/24/17 00:00:00,43.01406,3.0000000000000004,42.84326,0.36310000000000003
271,10/25/17 00:00:00,43.01406,3.0000000000000004,42.86394000000001,0.36310000000000003
272,10/26/17 00:00:00,43.01406,3.0000000000000004,42.882110000000004,0.36310000000000003
273,10/27/17 00:00:00,43.018150000000006,3.0000000000000004,42.89857000000001,0.36310000000000003
274,10/28/17 00:00:00,42.696870000000004,3.0000000000000004,42.87416,0.36310000000000003
275,10/29/17 00:00:00,42.764610000000005,3.0000000000000004,42.8609,0.36310000000000003
276,10/30/17 00:00:00,43.157540000000004,3.0000000000000004,42.896800000000006,0.36310000000000003
277,10/31/17 00:00:00,42.90214,3.0000000000000004,42.89744,0.36310000000000003
278,11/01/17 00:00:00,42.782920000000004,3.0000000000000004,42.883570000000006,0.36310000000000003
279,11/07/17 00:00:00,42.77526,3.0000000000000004,42.863960000000006,0.5430600000000001
280,11/08/17 00:00:00,43.08081000000001,3.0000000000000004,42.899750000000004,0.49517000000000005
281,11/09/17 00:00:00,43.39996,3.0000000000000004,42.976670000000006,0.46133
282,11/10/17 00:00:00,43.39996,3.0000000000000004,43.03831,0.43687000000000004
283,11/11/17 00:00:00,43.39996,3.0000000000000004,43.08881,0.41889000000000004
284,11/12/17 00:00:00,43.39996,3.0000000000000004,43.13087,0.40551000000000004
285,11/13/17 00:00:00,43.39996,3.0000000000000004,43.166340000000005,0.39546000000000003
286,11/14/17 00:00:00,43.39996,3.0000000000000004,43.19655,0.38787000000000005
287,11/15/17 00:00:00,43.82576,3.0000000000000004,43.27669,0.38210000000000005
288,11/16/17 00:00:00,44.1047,3.0000000000000004,43.380930000000006,0.37769
289,11/17/17 00:00:00,43.70290000000001,3.0000000000000004,43.421110000000006,0.37433000000000005
290,12/07/17 00:00:00,43.327780000000004,3.0000000000000004,43.391780000000004,0.94254
291,12/08/17 00:00:00,42.57303,3.0000000000000004,43.18824,0.7457900000000001
292,12/09/17 00:00:00,41.851440000000004,3.0000000000000004,42.907970000000006,0.62895
293,12/10/17 00:00:00,42.203410000000005,3.0000000000000004,42.77794,0.55364
294,12/11/17 00:00:00,42.550740000000005,3.0000000000000004,42.73988000000001,0.5025200000000001
295,12/12/17 00:00:00,42.90428,3.0000000000000004,42.765440000000005,0.46658000000000005
296,12/13/17 00:00:00,42.62621,3.0000000000000004,42.744980000000005,0.44069
297,12/14/17 00:00:00,42.088370000000005,3.0000000000000004,42.65267,0.42171000000000003
298,12/15/17 00:00:00,42.66745,3.0000000000000004,42.65467,0.40761000000000003
299,12/16/17 00:00:00,42.522960000000005,3.0000000000000004,42.637240000000006,0.39705
300,12/18/17 00:00:00,42.350820000000006,3.0000000000000004,42.59653,0.42640000000000006
301,12/24/17 00:00:00,42.84588,3.0000000000000004,42.64513,0.5848000000000001
302,12/25/17 00:00:00,42.56156,3.0000000000000004,42.63054,0.52393
303,12/26/17 00:00:00,43.06308000000001,3.0000000000000004,42.7,0.48176
304,12/27/17 00:00:00,42.428580000000004,3.0000000000000004,42.659130000000005,0.45170000000000005
305,12/28/17 00:00:00,43.07889,3.0000000000000004,42.71927,0.42982000000000004
306,12/29/17 00:00:00,43.74069,3.0000000000000004,42.860110000000006,0.41365
307,12/30/17 00:00:00,44.31709,3.0000000000000004,43.055150000000005,0.40159000000000006
308,12/31/17 00:00:00,44.81512,3.0000000000000004,43.28542,0.3925
309,01/01/18 00:00:00,44.81512,3.0000000000000004,43.48205,0.38562
310,01/02/18 00:00:00,44.302870000000006,3.0000000000000004,43.586130000000004,0.38039
311,01/03/18 00:00:00,44.820440000000005,3.0000000000000004,43.740990000000004,0.37639000000000006
312,01/04/18 00:00:00,45.262840000000004,3.0000000000000004,43.93037,0.37333000000000005
313,01/05/18 00:00:00,45.262840000000004,3.0000000000000004,44.095150000000004,0.37098000000000003
314,01/06/18 00:00:00,45.262840000000004,3.0000000000000004,44.23884,0.36917000000000005
315,01/07/18 00:00:00,45.262840000000004,3.0000000000000004,44.364380000000004,0.36778000000000005
316,01/08/18 00:00:00,44.60575,3.0000000000000004,44.39388,0.36671000000000004
317,01/09/18 00:00:00,44.181230000000006,3.0000000000000004,44.36795,0.36589000000000005
318,01/10/18 00:00:00,43.744800000000005,3.0000000000000004,44.292080000000006,0.36525
319,01/11/18 00:00:00,43.744800000000005,3.0000000000000004,44.22554,0.36476000000000003
320,01/12/18 00:00:00,42.5788,3.0000000000000004,44.02552,0.36438000000000004
321,01/13/18 00:00:00,42.343680000000006,3.0000000000000004,43.821400000000004,0.36408
322,01/14/18 00:00:00,42.343680000000006,3.0000000000000004,43.64217,0.36386
323,01/15/18 00:00:00,42.343680000000006,3.0000000000000004,43.484750000000005,0.36369
324,01/16/18 00:00:00,42.343680000000006,3.0000000000000004,43.346470000000004,0.36355000000000004
325,01/17/18 00:00:00,42.343680000000006,3.0000000000000004,43.22498,0.36345000000000005
326,01/18/18 00:00:00,42.343680000000006,3.0000000000000004,43.118230000000004,0.36337
327,01/19/18 00:00:00,42.343680000000006,3.0000000000000004,43.02443,0.36331
328,01/20/18 00:00:00,42.343680000000006,3.0000000000000004,42.942,0.36326
329,01/21/18 00:00:00,42.343680000000006,3.0000000000000004,42.86956000000001,0.36322000000000004
330,01/22/18 00:00:00,42.343680000000006,3.0000000000000004,42.805890000000005,0.3632
331,01/23/18 00:00:00,40.361380000000004,3.0000000000000004,42.50995,0.36317000000000005
332,01/24/18 00:00:00,40.297700000000006,3.0000000000000004,42.24215,0.36315000000000003
333,01/25/18 00:00:00,40.97762,3.0000000000000004,42.08908,0.36313
334,01/26/18 00:00:00,41.674170000000004,3.0000000000000004,42.038850000000004,0.36312000000000005
335,01/27/18 00:00:00,41.668870000000005,3.0000000000000004,41.994060000000005,0.36311000000000004
336,01/28/18 00:00:00,41.46513,3.0000000000000004,41.930040000000005,0.36310000000000003
337,01/29/18 00:00:00,41.9144,3.0000000000000004,41.928140000000006,0.36310000000000003
338,01/30/18 00:00:00,42.114020000000004,3.0000000000000004,41.950630000000004,0.36310000000000003
339,01/31/18 00:00:00,42.52123,3.0000000000000004,42.019690000000004,0.36310000000000003
340,02/01/18 00:00:00,42.30037,3.0000000000000004,42.05366,0.36310000000000003
341,02/02/18 00:00:00,42.178850000000004,3.0000000000000004,42.068810000000006,0.36310000000000003
342,02/03/18 00:00:00,42.086980000000004,3.0000000000000004,42.071000000000005,0.36310000000000003
343,02/04/18 00:00:00,42.05162000000001,3.0000000000000004,42.068650000000005,0.36310000000000003
344,02/05/18 00:00:00,42.18572,3.0000000000000004,42.082820000000005,0.36310000000000003
345,02/06/18 00:00:00,42.101490000000005,3.0000000000000004,42.085080000000005,0.36310000000000003
346,02/07/18 00:00:00,41.435970000000005,3.0000000000000004,42.006510000000006,0.36310000000000003
347,02/08/18 00:00:00,41.928630000000005,3.0000000000000004,41.997080000000004,0.36310000000000003
348,02/09/18 00:00:00,41.5835,3.0000000000000004,41.94702,0.36310000000000003
349,02/10/18 00:00:00,41.462270000000004,3.0000000000000004,41.88835,0.36310000000000003
350,02/11/18 00:00:00,41.49519,3.0000000000000004,41.84076,0.36310000000000003
351,02/12/18 00:00:00,42.24683,3.0000000000000004,41.889900000000004,0.36310000000000003
352,02/13/18 00:00:00,42.701220000000006,3.0000000000000004,41.98809000000001,0.36310000000000003
353,02/14/18 00:00:00,42.41474,3.0000000000000004,42.03972,0.36310000000000003
354,02/15/18 00:00:00,42.29623,3.0000000000000004,42.07076,0.36310000000000003
355,02/16/18 00:00:00,41.923700000000004,3.0000000000000004,42.052960000000006,0.36310000000000003
356,02/17/18 00:00:00,42.027640000000005,3.0000000000000004,42.049890000000005,0.36310000000000003
357,02/18/18 00:00:00,42.027640000000005,3.0000000000000004,42.04719,0.36310000000000003
358,02/19/18 00:00:00,42.19225,3.0000000000000004,42.064750000000004,0.36310000000000003
359,02/20/18 00:00:00,42.50189,3.0000000000000004,42.11766,0.36310000000000003
360,02/21/18 00:00:00,42.16342,3.0000000000000004,42.123200000000004,0.36310000000000003
361,02/22/18 00:00:00,41.78136000000001,3.0000000000000004,42.08182,0.36310000000000003
362,02/23/18 00:00:00,41.23424000000001,3.0000000000000004,41.979240000000004,0.36310000000000003
363,02/24/18 00:00:00,40.83402,3.0000000000000004,41.840630000000004,0.36310000000000003
364,02/25/18 00:00:00,40.48507,3.0000000000000004,41.67656,0.36310000000000003
365,02/26/18 00:00:00,40.444990000000004,3.0000000000000004,41.52749,0.36310000000000003
366,02/27/18 00:00:00,41.438950000000006,3.0000000000000004,41.51677,0.36310000000000003
367,02/28/18 00:00:00,41.896860000000004,3.0000000000000004,41.56277,0.36310000000000003
368,03/01/18 00:00:00,41.966590000000004,3.0000000000000004,41.61164,0.36310000000000003
369,03/02/18 00:00:00,42.06186,3.0000000000000004,41.66613,0.36310000000000003
370,03/03/18 00:00:00,41.35961,3.0000000000000004,41.62903,0.36310000000000003
371,03/09/18 00:00:00,41.71622000000001,3.0000000000000004,41.64481000000001,0.5430600000000001
372,03/10/18 00:00:00,42.04453,3.0000000000000004,41.71079,0.49517000000000005
373,03/11/18 00:00:00,42.41002,3.0000000000000004,41.818310000000004,0.46133
374,03/12/18 00:00:00,42.41002,3.0000000000000004,41.90448000000001,0.43687000000000004
375,03/13/18 00:00:00,42.12104,3.0000000000000004,41.934720000000006,0.41889000000000004
376,03/14/18 00:00:00,42.634730000000005,3.0000000000000004,42.029340000000005,0.40551000000000004
377,03/15/18 00:00:00,43.02481,3.0000000000000004,42.160560000000004,0.39546000000000003
378,03/16/18 00:00:00,43.388960000000004,3.0000000000000004,42.31938,0.38787000000000005
379,03/17/18 00:00:00,43.63656,3.0000000000000004,42.48715000000001,0.38210000000000005
380,03/18/18 00:00:00,43.01939,3.0000000000000004,42.55416,0.37769
381,03/19/18 00:00:00,42.435680000000005,3.0000000000000004,42.539370000000005,0.37433000000000005
382,03/20/18 00:00:00,42.04298,3.0000000000000004,42.47786000000001,0.37175
383,03/21/18 00:00:00,42.04298,3.0000000000000004,42.424260000000004,0.36976000000000003
384,03/22/18 00:00:00,42.04298,3.0000000000000004,42.377460000000006,0.36824
385,03/23/18 00:00:00,41.60649,3.0000000000000004,42.28313000000001,0.36706000000000005
386,03/24/18 00:00:00,41.69726,3.0000000000000004,42.21162,0.36616000000000004
387,03/25/18 00:00:00,41.784740000000006,3.0000000000000004,42.15961,0.36546
388,03/26/18 00:00:00,42.203410000000005,3.0000000000000004,42.164930000000005,0.36492
389,03/27/18 00:00:00,42.34993,3.0000000000000004,42.187400000000004,0.36450000000000005
390,03/28/18 00:00:00,41.82414,3.0000000000000004,42.1433,0.36418
391,03/29/18 00:00:00,41.677760000000006,3.0000000000000004,42.08682,0.36393000000000003
392,03/30/18 00:00:00,41.29628,3.0000000000000004,41.99096,0.36374
393,04/01/18 00:00:00,41.074490000000004,3.0000000000000004,41.86826000000001,0.40165
394,04/02/18 00:00:00,41.28358,3.0000000000000004,41.79175,0.39255
395,04/03/18 00:00:00,40.89705,3.0000000000000004,41.676730000000006,0.38565000000000005
396,04/04/18 00:00:00,41.45396,3.0000000000000004,41.648480000000006,0.3804
397,04/05/18 00:00:00,41.46549,3.0000000000000004,41.62552,0.37639000000000006
398,04/06/18 00:00:00,41.77008,3.0000000000000004,41.643510000000006,0.37332000000000004
399,04/07/18 00:00:00,41.18323,3.0000000000000004,41.58659,0.37097
400,04/08/18 00:00:00,41.4459,3.0000000000000004,41.56927,0.36916000000000004
401,04/10/18 00:00:00,41.077600000000004,3.0000000000000004,41.502770000000005,0.40571
402,04/11/18 00:00:00,41.10604,3.0000000000000004,41.450450000000004,0.39561
403,04/12/18 00:00:00,41.278310000000005,3.0000000000000004,41.428180000000005,0.38798000000000005
404,04/13/18 00:00:00,40.603210000000004,3.0000000000000004,41.323080000000004,0.38218
405,04/14/18 00:00:00,40.67889,3.0000000000000004,41.241960000000006,0.37775000000000003
406,04/15/18 00:00:00,41.16922,3.0000000000000004,41.23288,0.37437000000000004
407,04/16/18 00:00:00,41.45038,3.0000000000000004,41.25983,0.37177000000000004
408,04/17/18 00:00:00,41.274170000000005,3.0000000000000004,41.261590000000005,0.36978000000000005
409,04/18/18 00:00:00,40.3787,3.0000000000000004,41.15321,0.36825
410,04/22/18 00:00:00,40.57329,3.0000000000000004,41.06085,0.47775000000000006
411,04/23/18 00:00:00,39.592670000000005,3.0000000000000004,40.841210000000004,0.44879
412,04/24/18 00:00:00,39.08158,3.0000000000000004,40.59035,0.42768000000000006
413,04/25/18 00:00:00,38.51006,3.0000000000000004,40.304610000000004,0.41206000000000004
414,04/26/18 00:00:00,39.062670000000004,3.0000000000000004,40.138850000000005,0.40039
415,04/27/18 00:00:00,39.351560000000006,3.0000000000000004,40.036080000000005,0.39159000000000005
416,04/28/18 00:00:00,40.07537000000001,3.0000000000000004,40.04112000000001,0.38492000000000004
417,04/29/18 00:00:00,40.64692,3.0000000000000004,40.11782,0.37985
418,05/02/18 00:00:00,40.412470000000006,3.0000000000000004,40.162040000000005,0.45031000000000004
419,05/03/18 00:00:00,40.61404,3.0000000000000004,40.22664,0.42879000000000006
420,05/04/18 00:00:00,40.85296,3.0000000000000004,40.31284,0.41289000000000003
421,05/05/18 00:00:00,40.97415,3.0000000000000004,40.401230000000005,0.40101000000000003
422,05/06/18 00:00:00,41.191210000000005,3.0000000000000004,40.504470000000005,0.39206
423,05/07/18 00:00:00,40.491290000000006,3.0000000000000004,40.502770000000005,0.38528
424,05/08/18 00:00:00,40.526970000000006,3.0000000000000004,40.50583,0.38012
425,05/09/18 00:00:00,40.53262,3.0000000000000004,40.509190000000004,0.37618
426,05/10/18 00:00:00,40.538380000000004,3.0000000000000004,40.512820000000005,0.37317000000000006
427,05/11/18 00:00:00,40.31705,3.0000000000000004,40.488620000000004,0.37085
428,05/12/18 00:00:00,40.59053,3.0000000000000004,40.50115,0.36907
429,05/13/18 00:00:00,41.086510000000004,3.0000000000000004,40.57289,0.3677
430,05/14/18 00:00:00,40.75066,3.0000000000000004,40.59461,0.36665000000000003
431,05/15/18 00:00:00,40.969710000000006,3.0000000000000004,40.640350000000005,0.36584000000000005
432,05/16/18 00:00:00,41.49476000000001,3.0000000000000004,40.74436,0.36521000000000003
433,05/17/18 00:00:00,41.31092,3.0000000000000004,40.81324,0.36473000000000005
434,05/18/18 00:00:00,41.327450000000006,3.0000000000000004,40.875690000000006,0.36435
435,05/19/18 00:00:00,41.4459,3.0000000000000004,40.944880000000005,0.36406000000000005
436,05/20/18 00:00:00,41.4459,3.0000000000000004,41.00564000000001,0.36384000000000005
437,05/21/18 00:00:00,41.4459,3.0000000000000004,41.05901,0.36367000000000005
438,05/22/18 00:00:00,41.4459,3.0000000000000004,41.10589,0.36354000000000003
439,05/23/18 00:00:00,41.4459,3.0000000000000004,41.14708,0.36344000000000004
440,05/24/18 00:00:00,41.4459,3.0000000000000004,41.18327,0.36336
