,dateTime,value.date,value.value,value.error
0,05/16/17 00:00:00,05/16/17,63.653536796569824,6.787087440490723
1,05/17/17 00:00:00,05/17/17,62.205946922302246,6.787087440490723
2,05/18/17 00:00:00,05/18/17,62.90564250946045,6.787087440490723
3,05/19/17 00:00:00,05/19/17,62.79745578765869,6.787087440490723
4,05/20/17 00:00:00,05/20/17,63.35872268676758,10.720475196838379
5,05/21/17 00:00:00,05/21/17,64.20198440551758,7.929502487182617
6,05/22/17 00:00:00,05/22/17,64.01740169525146,7.150901794433594
7,05/23/17 00:00:00,05/23/17,63.927889823913574,6.906152725219727
8,05/24/17 00:00:00,05/24/17,62.86889934539795,6.826395034790039
9,05/25/17 00:00:00,05/25/17,61.74757194519043,6.800101280212402
10,05/26/17 00:00:00,05/26/17,62.87372970581055,6.791399955749512
11,05/27/17 00:00:00,05/27/17,63.12952518463135,6.788516998291016
12,05/28/17 00:00:00,05/28/17,62.21399784088135,6.787561416625977
13,05/29/17 00:00:00,05/29/17,63.021074295043945,6.78724479675293
14,05/30/17 00:00:00,05/30/17,63.347527503967285,6.787138938903809
15,05/31/17 00:00:00,05/31/17,63.13243579864502,6.787104606628418
16,06/01/17 00:00:00,06/01/17,63.46737289428711,6.787093162536621
17,06/02/17 00:00:00,06/02/17,63.126444816589355,6.7870893478393555
18,06/03/17 00:00:00,06/03/17,65.91311836242676,10.273417472839355
19,06/04/17 00:00:00,06/04/17,63.77079391479492,11.045969009399414
20,06/05/17 00:00:00,06/05/17,62.32338809967041,8.011475563049316
21,06/06/17 00:00:00,06/06/17,60.75027084350586,7.175905227661133
22,06/07/17 00:00:00,06/07/17,60.49785804748535,6.91422176361084
23,06/08/17 00:00:00,06/08/17,60.349178314208984,6.829047203063965
24,06/09/17 00:00:00,06/09/17,61.8372220993042,6.80097770690918
25,06/10/17 00:00:00,06/10/17,62.37113094329834,6.791689872741699
26,06/11/17 00:00:00,06/11/17,64.58152866363525,10.276912689208984
27,06/12/17 00:00:00,06/12/17,62.88843822479248,12.827378273010254
28,06/13/17 00:00:00,06/13/17,60.85518741607666,8.432165145874023
29,06/14/17 00:00:00,06/14/17,60.54659938812256,7.302032470703125
30,06/15/17 00:00:00,06/15/17,58.01960277557373,6.954712867736816
31,06/16/17 00:00:00,06/16/17,60.187950134277344,6.8423309326171875
32,06/17/17 00:00:00,06/17/17,61.86475944519043,6.805367469787598
33,06/18/17 00:00:00,06/18/17,61.534217834472656,6.793144226074219
34,06/19/17 00:00:00,06/19/17,62.58127021789551,6.789094924926758
35,06/20/17 00:00:00,06/20/17,60.736284255981445,8.883792877197266
36,06/21/17 00:00:00,06/21/17,60.3037052154541,7.433483123779297
37,06/22/17 00:00:00,06/22/17,61.69567394256592,6.996529579162598
38,06/23/17 00:00:00,06/23/17,62.938350677490234,6.856009483337402
39,06/24/17 00:00:00,06/24/17,63.61386013031006,6.809882164001465
40,06/25/17 00:00:00,06/25/17,63.63072967529297,6.794638633728027
41,06/26/17 00:00:00,06/26/17,63.74867820739746,6.789589881896973
42,06/27/17 00:00:00,06/27/17,63.86215591430664,6.787917137145996
43,06/28/17 00:00:00,06/28/17,63.505887031555176,10.700529098510742
44,06/29/17 00:00:00,06/29/17,60.81849956512451,7.924424171447754
45,06/30/17 00:00:00,06/30/17,60.84443950653076,7.149348258972168
46,07/01/17 00:00:00,07/01/17,60.06397342681885,6.9056501388549805
47,07/02/17 00:00:00,07/02/17,61.68155384063721,6.826230049133301
48,07/03/17 00:00:00,07/03/17,64.14160919189453,6.800046920776367
49,07/04/17 00:00:00,07/04/17,65.04293155670166,6.7913818359375
50,07/05/17 00:00:00,07/05/17,65.05027484893799,6.788511276245117
51,07/06/17 00:00:00,07/06/17,66.58783626556396,6.787559509277344
52,07/07/17 00:00:00,07/07/17,67.98417663574219,6.787243843078613
53,07/08/17 00:00:00,07/08/17,68.73706531524658,6.787138938903809
54,07/09/17 00:00:00,07/09/17,66.6663007736206,6.787104606628418
55,07/10/17 00:00:00,07/10/17,66.49609661102295,6.787093162536621
56,07/11/17 00:00:00,07/11/17,67.42024421691895,6.7870893478393555
57,07/12/17 00:00:00,07/12/17,67.44129848480225,6.787087440490723
58,07/13/17 00:00:00,07/13/17,67.96449756622314,6.787087440490723
59,07/14/17 00:00:00,07/14/17,67.24360752105713,6.787087440490723
60,07/15/17 00:00:00,07/15/17,68.87281799316406,6.787087440490723
61,07/16/17 00:00:00,07/16/17,68.27770042419434,6.787087440490723
62,07/17/17 00:00:00,07/17/17,67.42395210266113,6.787087440490723
63,07/18/17 00:00:00,07/18/17,68.9766616821289,6.787087440490723
64,07/19/17 00:00:00,07/19/17,67.82641887664795,6.787087440490723
65,07/20/17 00:00:00,07/20/17,66.01378345489502,8.97042179107666
66,07/21/17 00:00:00,07/21/17,64.44606876373291,7.458244323730469
67,07/22/17 00:00:00,07/22/17,64.98470497131348,11.250008583068848
68,07/23/17 00:00:00,07/23/17,64.41568565368652,8.062017440795898
69,07/24/17 00:00:00,07/24/17,61.997833251953125,7.191250801086426
70,07/25/17 00:00:00,07/25/17,62.28012180328369,6.919167518615723
71,07/26/17 00:00:00,07/26/17,62.43828582763672,6.830671310424805
72,07/27/17 00:00:00,07/27/17,63.55286502838135,6.801514625549316
73,07/28/17 00:00:00,07/28/17,64.70416927337646,6.791868209838867
74,07/29/17 00:00:00,07/29/17,66.38883304595947,6.78867244720459
75,07/30/17 00:00:00,07/30/17,65.31409358978271,6.7876129150390625
76,07/31/17 00:00:00,07/31/17,66.67402839660645,10.273815155029297
77,08/01/17 00:00:00,08/01/17,66.47429180145264,7.814237594604492
78,08/02/17 00:00:00,08/02/17,66.38124179840088,7.11550235748291
79,08/03/17 00:00:00,08/03/17,65.29281806945801,6.894702911376953
80,08/04/17 00:00:00,08/04/17,67.24865245819092,6.822629928588867
81,08/05/17 00:00:00,08/05/17,66.83069515228271,6.798856735229492
82,08/06/17 00:00:00,08/06/17,67.30794334411621,10.709543228149414
83,08/07/17 00:00:00,08/07/17,66.19438648223877,7.92672061920166
84,08/08/17 00:00:00,08/08/17,67.84119129180908,7.150050163269043
85,08/09/17 00:00:00,08/09/17,67.76143646240234,10.998090744018555
86,08/10/17 00:00:00,08/10/17,67.54795169830322,14.059131622314453
87,08/11/17 00:00:00,08/11/17,66.19556140899658,8.698050498962402
88,08/12/17 00:00:00,08/12/17,64.01405906677246,9.524202346801758
89,08/13/17 00:00:00,08/13/17,66.23171138763428,7.613211631774902
90,08/14/17 00:00:00,08/14/17,66.4051284790039,11.376222610473633
91,08/15/17 00:00:00,08/15/17,64.50605010986328,8.092962265014648
92,08/16/17 00:00:00,08/16/17,65.6772232055664,7.200620651245117
93,08/17/17 00:00:00,08/17/17,66.3124189376831,11.378168106079102
94,08/18/17 00:00:00,08/18/17,63.850680351257324,8.093437194824219
95,08/19/17 00:00:00,08/19/17,65.54590511322021,11.251866340637207
96,08/20/17 00:00:00,08/20/17,67.90506744384766,13.507781982421875
97,08/21/17 00:00:00,08/21/17,72.69011116027832,15.030512809753418
98,08/22/17 00:00:00,08/22/17,77.43497943878174,16.019521713256836
99,08/23/17 00:00:00,08/23/17,79.66599750518799,15.98355770111084
100,08/24/17 00:00:00,08/24/17,82.31640720367432,9.078004837036133
101,08/25/17 00:00:00,08/25/17,83.82622337341309,7.488796234130859
102,08/26/17 00:00:00,08/26/17,82.2683687210083,10.80242919921875
103,08/27/17 00:00:00,08/27/17,82.09909725189209,7.950300216674805
104,08/28/17 00:00:00,08/28/17,79.38943576812744,11.14599895477295
105,08/29/17 00:00:00,08/29/17,77.99092864990234,14.81692123413086
109,09/02/17 00:00:00,09/02/17,78.9778470993042,19.069512367248535
110,09/03/17 00:00:00,09/03/17,76.11551666259766,15.34146785736084
111,09/04/17 00:00:00,09/04/17,73.7734146118164,14.830965995788574
112,09/05/17 00:00:00,09/05/17,71.1242847442627,12.834118843078613
113,09/06/17 00:00:00,09/06/17,72.28498935699463,16.226428985595703
115,09/08/17 00:00:00,09/08/17,70.82485389709473,19.78355312347412
116,09/09/17 00:00:00,09/09/17,69.61531066894531,21.73243522644043
117,09/10/17 00:00:00,09/10/17,69.50006866455078,21.7257022857666
118,09/11/17 00:00:00,09/11/17,70.72995853424072,22.34303855895996
119,09/12/17 00:00:00,09/12/17,70.39996433258057,22.127285957336426
120,09/13/17 00:00:00,09/13/17,70.89275646209717,21.985780715942383
121,09/14/17 00:00:00,09/14/17,71.10172653198242,21.89274024963379
122,09/15/17 00:00:00,09/15/17,70.235671043396,21.831464767456055
123,09/16/17 00:00:00,09/16/17,67.74831008911133,10.02308464050293
124,09/17/17 00:00:00,09/17/17,69.36379718780518,7.748080253601074
125,09/18/17 00:00:00,09/18/17,71.72955417633057,7.095057487487793
126,09/19/17 00:00:00,09/19/17,73.16384029388428,10.506585121154785
127,09/20/17 00:00:00,09/20/17,72.73334693908691,7.874713897705078
128,09/21/17 00:00:00,09/21/17,74.34194564819336,11.089962005615234
129,09/22/17 00:00:00,09/22/17,75.48725986480713,14.769716262817383
130,09/23/17 00:00:00,09/23/17,75.56192111968994,16.891006469726562
131,09/24/17 00:00:00,09/24/17,75.47271251678467,18.415679931640625
132,09/25/17 00:00:00,09/25/17,75.22536182403564,19.48287868499756
133,09/26/17 00:00:00,09/26/17,73.44962882995605,9.676338195800781
134,09/27/17 00:00:00,09/27/17,73.06219863891602,13.028030395507812
137,09/30/17 00:00:00,09/30/17,71.65420436859131,18.022701263427734
138,10/01/17 00:00:00,10/01/17,70.563796043396,19.742915153503418
139,10/02/17 00:00:00,10/02/17,71.8249979019165,21.752765655517578
140,10/03/17 00:00:00,10/03/17,72.04520034790039,21.739129066467285
141,10/04/17 00:00:00,10/04/17,73.72074222564697,23.2807559967041
142,10/05/17 00:00:00,10/05/17,73.97149181365967,22.737388610839844
143,10/06/17 00:00:00,10/06/17,74.36293888092041,22.384830474853516
144,10/07/17 00:00:00,10/07/17,75.24856281280518,22.15464687347412
145,10/08/17 00:00:00,10/08/17,77.17698955535889,10.067845344543457
146,10/09/17 00:00:00,10/09/17,75.39073467254639,7.7599687576293945
147,10/10/17 00:00:00,10/10/17,72.94556617736816,7.098737716674805
148,10/11/17 00:00:00,10/11/17,74.73495197296143,9.315092086791992
150,10/13/17 00:00:00,10/13/17,74.64923572540283,13.528914451599121
151,10/14/17 00:00:00,10/14/17,73.28200626373291,16.799591064453125
152,10/15/17 00:00:00,10/15/17,72.31257343292236,18.435501098632812
153,10/16/17 00:00:00,10/16/17,72.4281120300293,19.496599197387695
154,10/17/17 00:00:00,10/17/17,70.93935203552246,21.56215763092041
155,10/18/17 00:00:00,10/18/17,72.49024963378906,23.14648723602295
156,10/19/17 00:00:00,10/19/17,72.19925880432129,22.650517463684082
157,10/20/17 00:00:00,10/20/17,70.57481861114502,23.96860408782959
158,10/21/17 00:00:00,10/21/17,71.05943489074707,23.17990207672119
164,10/27/17 00:00:00,10/27/17,71.04621505737305,25.800182342529297
165,10/28/17 00:00:00,10/28/17,72.08557033538818,24.337987899780273
166,10/29/17 00:00:00,10/29/17,71.86643600463867,23.415809631347656
167,10/30/17 00:00:00,10/30/17,70.59526920318604,10.236286163330078
168,10/31/17 00:00:00,10/31/17,71.42150497436523,7.804403305053711
169,11/01/17 00:00:00,11/01/17,71.80720138549805,7.112469673156738
175,11/07/17 00:00:00,11/07/17,71.83198642730713,14.91254997253418
176,11/08/17 00:00:00,11/08/17,70.84350395202637,17.68392276763916
177,11/09/17 00:00:00,11/09/17,69.81103610992432,19.21088981628418
183,11/15/17 00:00:00,11/15/17,68.43354225158691,24.644136428833008
184,11/16/17 00:00:00,11/16/17,67.53114700317383,23.610424041748047
185,11/17/17 00:00:00,11/17/17,68.83099269866943,23.63119411468506
205,12/07/17 00:00:00,12/07/17,70.04454326629639,33.76629066467285
206,12/08/17 00:00:00,12/08/17,72.48622226715088,11.325591087341309
207,12/09/17 00:00:00,12/09/17,74.82060527801514,8.080577850341797
208,12/10/17 00:00:00,12/10/17,73.68194770812988,7.196873664855957
209,12/11/17 00:00:00,12/11/17,72.55832195281982,6.920978546142578
210,12/12/17 00:00:00,12/12/17,71.41459465026855,6.831266403198242
211,12/13/17 00:00:00,12/13/17,72.31415462493896,11.101568222045898
212,12/14/17 00:00:00,12/14/17,74.05413055419922,8.025311470031738
213,12/15/17 00:00:00,12/15/17,72.18074321746826,7.180110931396484
214,12/16/17 00:00:00,12/16/17,72.6481876373291,11.02271556854248
216,12/18/17 00:00:00,12/18/17,73.20508193969727,14.844344139099121
222,12/24/17 00:00:00,12/24/17,71.60351657867432,21.83112144470215
223,12/25/17 00:00:00,12/25/17,72.52333068847656,21.79084014892578
224,12/26/17 00:00:00,12/26/17,70.9008674621582,23.319945335388184
225,12/27/17 00:00:00,12/27/17,72.95351123809814,24.47000503540039
226,12/28/17 00:00:00,12/28/17,70.84972476959229,25.3239164352417
227,12/29/17 00:00:00,12/29/17,68.70873260498047,25.9518985748291
228,12/30/17 00:00:00,12/30/17,66.84404468536377,26.410484313964844
229,12/31/17 00:00:00,12/31/17,65.23288249969482,26.743645668029785
231,01/02/18 00:00:00,01/02/18,66.89006328582764,27.704029083251953
232,01/03/18 00:00:00,01/03/18,65.2156753540039,27.675663948059082
233,01/04/18 00:00:00,01/04/18,63.78448295593262,26.194612503051758
237,01/08/18 00:00:00,01/08/18,65.9102087020874,28.73569107055664
238,01/09/18 00:00:00,01/09/18,67.28355884552002,26.250635147094727
239,01/10/18 00:00:00,01/10/18,68.69545650482178,25.532625198364258
241,01/12/18 00:00:00,01/12/18,72.46753978729248,26.832138061523438
242,01/13/18 00:00:00,01/13/18,73.22817039489746,24.977843284606934
252,01/23/18 00:00:00,01/23/18,73.17078399658203,29.174684524536133
253,01/24/18 00:00:00,01/24/18,73.39091396331787,10.897825241088867
254,01/25/18 00:00:00,01/25/18,71.04035949707031,7.974373817443848
255,01/26/18 00:00:00,01/26/18,68.63228607177734,7.164606094360352
256,01/27/18 00:00:00,01/27/18,68.65060424804688,6.910576820373535
257,01/28/18 00:00:00,01/28/18,69.35498332977295,11.171368598937988
258,01/29/18 00:00:00,01/29/18,67.80179214477539,8.04261302947998
259,01/30/18 00:00:00,01/30/18,67.11166763305664,7.185365676879883
260,01/31/18 00:00:00,01/31/18,65.70389556884766,6.917271614074707
261,02/01/18 00:00:00,02/01/18,66.46743297576904,11.177257537841797
262,02/02/18 00:00:00,02/02/18,66.88754653930664,14.19731330871582
263,02/03/18 00:00:00,02/03/18,67.20516204833984,8.726716995239258
264,02/04/18 00:00:00,02/04/18,67.3273983001709,7.388217926025391
265,02/05/18 00:00:00,02/05/18,66.86380863189697,6.982173919677734
266,02/06/18 00:00:00,02/06/18,67.74608993530273,11.234330177307129
267,02/07/18 00:00:00,02/07/18,70.03413581848145,8.05815601348877
268,02/08/18 00:00:00,02/08/18,68.34038829803467,7.190080642700195
269,02/09/18 00:00:00,02/09/18,69.52693843841553,6.918790817260742
270,02/10/18 00:00:00,02/10/18,69.9437141418457,10.80826187133789
271,02/11/18 00:00:00,02/11/18,69.8305311203003,13.912317276000977
272,02/12/18 00:00:00,02/12/18,67.24642181396484,8.667344093322754
273,02/13/18 00:00:00,02/13/18,65.68423366546631,7.370983123779297
274,02/14/18 00:00:00,02/14/18,66.66915893554688,11.575429916381836
275,02/15/18 00:00:00,02/15/18,67.0765905380249,8.141315460205078
276,02/16/18 00:00:00,02/16/18,68.35733318328857,12.247180938720703
279,02/19/18 00:00:00,02/19/18,67.43406867980957,16.831872940063477
280,02/20/18 00:00:00,02/20/18,66.36951160430908,19.076231002807617
281,02/21/18 00:00:00,02/21/18,67.53319835662842,20.829927444458008
282,02/22/18 00:00:00,02/22/18,68.84669399261475,22.588488578796387
283,02/23/18 00:00:00,02/23/18,70.7276668548584,23.92198085784912
284,02/24/18 00:00:00,02/24/18,72.1036376953125,24.63009262084961
285,02/25/18 00:00:00,02/25/18,73.30331993103027,23.60151481628418
286,02/26/18 00:00:00,02/26/18,73.44112014770508,22.944266319274902
287,02/27/18 00:00:00,02/27/18,70.02390575408936,20.71014404296875
288,02/28/18 00:00:00,02/28/18,68.44960308074951,9.862403869628906
289,03/01/18 00:00:00,03/01/18,68.20987892150879,7.705117225646973
290,03/02/18 00:00:00,03/02/18,67.88234901428223,7.081728935241699
291,03/03/18 00:00:00,03/03/18,70.29666423797607,6.88375186920166
297,03/09/18 00:00:00,03/09/18,69.07065391540527,15.43588638305664
298,03/10/18 00:00:00,03/10/18,67.94192123413086,18.352299690246582
299,03/11/18 00:00:00,03/11/18,66.68538761138916,20.670599937438965
301,03/13/18 00:00:00,03/13/18,67.67889213562012,21.684843063354492
302,03/14/18 00:00:00,03/14/18,65.91282558441162,23.239593505859375
303,03/15/18 00:00:00,03/15/18,64.57172775268555,23.99043083190918
304,03/16/18 00:00:00,03/16/18,63.31979179382324,23.467656135559082
305,03/17/18 00:00:00,03/17/18,62.468567848205566,22.858043670654297
306,03/18/18 00:00:00,03/18/18,64.59036540985107,24.12438678741455
307,03/19/18 00:00:00,03/19/18,66.59716987609863,25.06828498840332
308,03/20/18 00:00:00,03/20/18,67.94726467132568,24.58456516265869
311,03/23/18 00:00:00,03/23/18,69.44789981842041,26.86973762512207
312,03/24/18 00:00:00,03/24/18,69.13584041595459,25.000988006591797
313,03/25/18 00:00:00,03/25/18,68.83509159088135,10.434901237487793
314,03/26/18 00:00:00,03/26/18,67.39570140838623,7.856184959411621
315,03/27/18 00:00:00,03/27/18,66.89197063446045,7.12841796875
316,03/28/18 00:00:00,03/28/18,68.69963550567627,6.898882865905762
317,03/29/18 00:00:00,03/29/18,69.20285511016846,6.824005126953125
318,03/30/18 00:00:00,03/30/18,70.51439952850342,6.799311637878418
320,04/01/18 00:00:00,04/01/18,71.27688980102539,11.949606895446777
321,04/02/18 00:00:00,04/02/18,70.55806732177734,8.230559349060059
322,04/03/18 00:00:00,04/03/18,71.8869400024414,7.24204158782959
323,04/04/18 00:00:00,04/04/18,69.97228240966797,6.93549919128418
324,04/05/18 00:00:00,04/05/18,69.93264770507812,6.836031913757324
325,04/06/18 00:00:00,04/06/18,68.88546466827393,6.803286552429199
326,04/07/18 00:00:00,04/07/18,70.90304470062256,8.410073280334473
329,04/10/18 00:00:00,04/10/18,71.26621532440186,13.602978706359863
330,04/11/18 00:00:00,04/11/18,71.16843509674072,8.601792335510254
331,04/12/18 00:00:00,04/12/18,70.57618713378906,7.351874351501465
332,04/13/18 00:00:00,04/13/18,72.89715194702148,6.970614433288574
333,04/14/18 00:00:00,04/14/18,72.63694667816162,6.847537040710449
334,04/15/18 00:00:00,04/15/18,70.9512357711792,6.807085990905762
335,04/16/18 00:00:00,04/16/18,69.9846019744873,6.793712615966797
336,04/17/18 00:00:00,04/17/18,70.59041500091553,10.902329444885254
337,04/18/18 00:00:00,04/18/18,73.6690263748169,13.265437126159668
342,04/23/18 00:00:00,04/23/18,76.37135314941406,9.30988883972168
343,04/24/18 00:00:00,04/24/18,78.12848567962646,12.13861083984375
344,04/25/18 00:00:00,04/25/18,80.0933666229248,8.274871826171875
345,04/26/18 00:00:00,04/26/18,78.19349670410156,7.255298614501953
346,04/27/18 00:00:00,04/27/18,77.20029544830322,6.939751625061035
347,04/28/18 00:00:00,04/28/18,74.71183776855469,7.08171272277832
348,04/29/18 00:00:00,04/29/18,72.74687385559082,8.80357551574707
351,05/02/18 00:00:00,05/02/18,73.55289936065674,14.426948547363281
352,05/03/18 00:00:00,05/03/18,72.85990524291992,8.7738618850708
353,05/04/18 00:00:00,05/04/18,72.038498878479,7.401853561401367
354,05/05/18 00:00:00,05/05/18,71.62185764312744,6.986503601074219
355,05/06/18 00:00:00,05/06/18,70.87561988830566,6.852733612060547
356,05/07/18 00:00:00,05/07/18,73.28194522857666,7.276704788208008
357,05/08/18 00:00:00,05/08/18,73.15925598144531,11.101763725280762
358,05/09/18 00:00:00,05/09/18,73.13984489440918,14.139134407043457
359,05/10/18 00:00:00,05/10/18,73.12003898620605,16.428546905517578
360,05/11/18 00:00:00,05/11/18,73.8809461593628,18.087300300598145
361,05/12/18 00:00:00,05/12/18,72.94073963165283,9.450557708740234
362,05/13/18 00:00:00,05/13/18,71.23555850982666,11.73840045928955
363,05/14/18 00:00:00,05/14/18,72.3902359008789,8.180436134338379
364,05/15/18 00:00:00,05/15/18,71.63711738586426,7.226998329162598
366,05/18/15 00:00:00,05/18/15,63.0,100.0
367,05/19/15 00:00:00,05/19/15,58.09658432006836,13.884297370910645
368,05/20/15 00:00:00,05/20/15,59.90964221954346,8.661454200744629
369,05/21/15 00:00:00,05/21/15,60.062241554260254,7.369269371032715
370,05/22/15 00:00:00,05/22/15,61.71610355377197,6.9761505126953125
371,05/23/15 00:00:00,05/23/15,61.08461856842041,6.849348068237305
372,05/24/15 00:00:00,05/24/15,62.263540267944336,6.807683944702148
373,05/25/15 00:00:00,05/25/15,60.8931245803833,6.793910980224609
374,05/26/15 00:00:00,05/26/15,60.105143547058105,6.789348602294922
375,05/27/15 00:00:00,05/27/15,61.185028076171875,6.787837028503418
376,05/28/15 00:00:00,05/28/15,61.29564189910889,6.787335395812988
377,05/29/15 00:00:00,05/29/15,60.848249435424805,6.787169456481934
378,05/30/15 00:00:00,05/30/15,60.59064197540283,6.787114143371582
379,05/31/15 00:00:00,05/31/15,61.464463233947754,6.78709602355957
380,06/01/15 00:00:00,06/01/15,60.945462226867676,6.787090301513672
381,06/02/15 00:00:00,06/02/15,60.9504919052124,10.699848175048828
382,06/03/15 00:00:00,06/03/15,60.174238204956055,14.085771560668945
383,06/04/15 00:00:00,06/04/15,61.52131748199463,8.703594207763672
384,06/05/15 00:00:00,06/05/15,60.86533260345459,12.325139999389648
385,06/06/15 00:00:00,06/06/15,61.79346179962158,8.318111419677734
386,06/07/15 00:00:00,06/07/15,61.08821964263916,7.268195152282715
387,06/08/15 00:00:00,06/08/15,61.24339962005615,6.943885803222656
388,06/09/15 00:00:00,06/09/15,61.844871520996094,6.83878231048584
389,06/10/15 00:00:00,06/10/15,62.69988250732422,6.804195404052734
390,06/11/15 00:00:00,06/11/15,61.655954360961914,6.792756080627441
391,06/12/15 00:00:00,06/12/15,62.589210510253906,6.788966178894043
392,06/13/15 00:00:00,06/13/15,62.615254402160645,6.787710189819336
393,06/14/15 00:00:00,06/14/15,63.141340255737305,6.787293434143066
394,06/15/15 00:00:00,06/15/15,64.4664134979248,6.7871551513671875
395,06/16/15 00:00:00,06/16/15,64.20723342895508,6.787109375
396,06/17/15 00:00:00,06/17/15,64.07742977142334,10.699864387512207
397,06/18/15 00:00:00,06/18/15,63.7105712890625,13.828291893005371
398,06/19/15 00:00:00,06/19/15,62.91311073303223,16.19898796081543
399,06/20/15 00:00:00,06/20/15,63.66819667816162,17.923474311828613
400,06/21/15 00:00:00,06/21/15,62.35933494567871,9.422991752624512
401,06/22/15 00:00:00,06/22/15,65.01438808441162,8.359394073486328
402,06/23/15 00:00:00,06/23/15,66.13170909881592,7.280473709106445
403,06/24/15 00:00:00,06/24/15,65.14325714111328,6.947817802429199
404,06/25/15 00:00:00,06/25/15,64.84973812103271,10.832125663757324
405,06/26/15 00:00:00,06/26/15,63.75596904754639,7.9578094482421875
406,06/27/15 00:00:00,06/27/15,63.47904586791992,11.65579605102539
407,06/28/15 00:00:00,06/28/15,61.82749080657959,8.160655975341797
408,06/29/15 00:00:00,06/29/15,61.53938674926758,11.81966781616211
409,06/30/15 00:00:00,06/30/15,61.0911750793457,14.689702987670898
410,07/01/15 00:00:00,07/01/15,60.64262008666992,16.832563400268555
411,07/02/15 00:00:00,07/02/15,61.72210884094238,19.340539932250977
412,07/03/15 00:00:00,07/03/15,62.7850980758667,20.219135284423828
413,07/04/15 00:00:00,07/04/15,63.35922050476074,20.715462684631348
414,07/05/15 00:00:00,07/05/15,63.63880729675293,21.049175262451172
415,07/06/15 00:00:00,07/06/15,63.52166175842285,21.27224063873291
416,07/07/15 00:00:00,07/07/15,61.482704162597656,9.944015502929688
417,07/08/15 00:00:00,07/08/15,61.46487331390381,7.726994514465332
418,07/09/15 00:00:00,07/09/15,61.99018955230713,7.0885210037231445
419,07/10/15 00:00:00,07/10/15,61.75589179992676,6.885955810546875
420,07/11/15 00:00:00,07/11/15,61.62371253967285,6.819750785827637
421,07/12/15 00:00:00,07/12/15,63.59567737579346,6.797904014587402
422,07/13/15 00:00:00,07/13/15,62.17187976837158,6.790672302246094
423,07/14/15 00:00:00,07/14/15,62.70961380004883,10.702799797058105
424,07/15/15 00:00:00,07/15/15,61.48685932159424,7.9250030517578125
425,07/16/15 00:00:00,07/16/15,62.00687217712402,7.149524688720703
426,07/17/15 00:00:00,07/17/15,62.290642738342285,10.997659683227539
427,07/18/15 00:00:00,07/18/15,62.98259735107422,14.058798789978027
428,07/19/15 00:00:00,07/19/15,65.42199039459229,8.697980880737305
429,07/20/15 00:00:00,07/20/15,65.37742233276367,12.251276016235352
430,07/21/15 00:00:00,07/21/15,65.32855892181396,15.017852783203125
431,07/22/15 00:00:00,07/22/15,62.50099563598633,8.892413139343262
432,07/23/15 00:00:00,07/23/15,63.69039726257324,7.435953140258789
433,07/24/15 00:00:00,07/24/15,63.565452575683594,11.231828689575195
434,07/25/15 00:00:00,07/25/15,63.86430072784424,14.239325523376465
435,07/26/15 00:00:00,07/26/15,63.883605003356934,16.5023136138916
436,07/27/15 00:00:00,07/27/15,63.745429039001465,18.1398286819458
437,07/28/15 00:00:00,07/28/15,64.5227575302124,9.45934772491455
438,07/29/15 00:00:00,07/29/15,64.68648624420166,12.856758117675781
439,07/30/15 00:00:00,07/30/15,65.51905822753906,8.438732147216797
440,07/31/15 00:00:00,07/31/15,65.29905128479004,12.04348087310791
441,08/01/15 00:00:00,08/01/15,66.02936935424805,14.860133171081543
442,08/02/15 00:00:00,08/02/15,65.49264430999756,8.861152648925781
443,08/03/15 00:00:00,08/03/15,65.01310729980469,12.381637573242188
444,08/04/15 00:00:00,08/04/15,63.15562057495117,8.3311128616333
445,08/05/15 00:00:00,08/05/15,60.73517322540283,8.389056205749512
446,08/06/15 00:00:00,08/06/15,61.07301425933838,12.003569602966309
447,08/07/15 00:00:00,08/07/15,61.91627311706543,15.194759368896484
448,08/08/15 00:00:00,08/08/15,63.670440673828125,8.927152633666992
449,08/09/15 00:00:00,08/09/15,63.92015075683594,12.434272766113281
450,08/10/15 00:00:00,08/10/15,63.146634101867676,15.156343460083008
451,08/11/15 00:00:00,08/11/15,63.12492656707764,17.172433853149414
452,08/12/15 00:00:00,08/12/15,63.26534938812256,18.614439010620117
453,08/13/15 00:00:00,08/13/15,64.33291339874268,19.871122360229492
454,08/14/15 00:00:00,08/14/15,64.98034572601318,20.480067253112793
455,08/15/15 00:00:00,08/15/15,63.54924774169922,9.828360557556152
456,08/16/15 00:00:00,08/16/15,65.43506050109863,7.695957183837891
457,08/17/15 00:00:00,08/17/15,63.523924827575684,9.50493335723877
458,08/18/15 00:00:00,08/18/15,63.79912757873535,12.892786979675293
459,08/19/15 00:00:00,08/19/15,63.29143047332764,15.501681327819824
460,08/20/15 00:00:00,08/20/15,62.947272300720215,17.422459602355957
461,08/21/15 00:00:00,08/21/15,62.95581340789795,18.7903413772583
462,08/22/15 00:00:00,08/22/15,63.47389030456543,19.74156093597412
463,08/23/15 00:00:00,08/23/15,63.214789390563965,20.392136573791504
464,08/24/15 00:00:00,08/24/15,62.996628761291504,20.832048416137695
465,08/25/15 00:00:00,08/25/15,62.268717765808105,21.127224922180176
466,08/26/15 00:00:00,08/26/15,61.007676124572754,22.57252311706543
467,08/27/15 00:00:00,08/27/15,61.284908294677734,10.124737739562988
468,08/28/15 00:00:00,08/28/15,60.1921443939209,7.775031089782715
469,08/29/15 00:00:00,08/29/15,60.47069549560547,11.50769329071045
470,08/30/15 00:00:00,08/30/15,59.951114654541016,14.451178550720215
472,09/01/15 00:00:00,09/01/15,60.108320236206055,17.385974884033203
473,09/02/15 00:00:00,09/02/15,60.252562522888184,18.7647123336792
474,09/03/15 00:00:00,09/03/15,60.889753341674805,19.723910331726074
475,09/04/15 00:00:00,09/04/15,61.2605037689209,20.380144119262695
476,09/05/15 00:00:00,09/05/15,61.91385555267334,20.823975563049316
477,09/06/15 00:00:00,09/06/15,63.086602210998535,21.550143241882324
478,09/07/15 00:00:00,09/07/15,63.62922668457031,21.60514545440674
479,09/08/15 00:00:00,09/08/15,63.77047538757324,9.99133586883545
480,09/09/15 00:00:00,09/09/15,61.4803524017334,7.739625930786133
481,09/10/15 00:00:00,09/10/15,61.99909687042236,7.092437744140625
482,09/11/15 00:00:00,09/11/15,61.24230480194092,6.8872270584106445
483,09/12/15 00:00:00,09/12/15,61.329039573669434,6.820169448852539
484,09/13/15 00:00:00,09/13/15,61.668511390686035,10.727099418640137
485,09/14/15 00:00:00,09/14/15,61.755845069885254,13.849416732788086
486,09/15/15 00:00:00,09/15/15,62.20931625366211,16.214622497558594
487,09/16/15 00:00:00,09/16/15,60.40041255950928,9.120983123779297
488,09/17/15 00:00:00,09/17/15,60.59570789337158,12.588546752929688
489,09/18/15 00:00:00,09/18/15,61.6717472076416,8.3783540725708
490,09/19/15 00:00:00,09/19/15,61.568846702575684,7.286101341247559
491,09/20/15 00:00:00,09/20/15,61.51539325714111,6.949618339538574
492,09/21/15 00:00:00,09/21/15,60.97052192687988,6.840662002563477
493,09/22/15 00:00:00,09/22/15,60.88063144683838,10.743973731994629
494,09/23/15 00:00:00,09/23/15,61.49241828918457,13.86250114440918
495,09/24/15 00:00:00,09/24/15,61.423545837402344,16.224303245544434
496,09/25/15 00:00:00,09/25/15,62.539106369018555,18.985651969909668
497,09/26/15 00:00:00,09/26/15,62.275390625,19.87586212158203
498,09/27/15 00:00:00,09/27/15,62.75650215148926,20.4832820892334
499,09/28/15 00:00:00,09/28/15,62.44012928009033,20.893357276916504
500,09/29/15 00:00:00,09/29/15,60.33620071411133,9.889245986938477
501,09/30/15 00:00:00,09/30/15,59.70954704284668,7.712325096130371
502,10/01/15 00:00:00,10/01/15,59.9448299407959,7.083968162536621
503,10/02/15 00:00:00,10/02/15,60.59065914154053,6.884478569030762
504,10/03/15 00:00:00,10/03/15,61.21046257019043,11.10163402557373
505,10/04/15 00:00:00,10/04/15,60.941033363342285,14.139034271240234
506,10/05/15 00:00:00,10/05/15,61.515883445739746,16.4284725189209
507,10/06/15 00:00:00,10/06/15,61.43544387817383,18.087247848510742
508,10/07/15 00:00:00,10/07/15,59.306636810302734,9.450549125671387
509,10/08/15 00:00:00,10/08/15,58.606515884399414,7.592926025390625
510,10/09/15 00:00:00,10/09/15,60.48847770690918,9.498418807983398
511,10/10/15 00:00:00,10/10/15,60.7675085067749,12.887639045715332
512,10/11/15 00:00:00,10/11/15,60.48957061767578,8.445622444152832
513,10/12/15 00:00:00,10/12/15,59.9193639755249,12.049015045166016
514,10/13/15 00:00:00,10/13/15,59.41713333129883,14.864338874816895
515,10/14/15 00:00:00,10/14/15,58.53879451751709,8.861989974975586
516,10/15/15 00:00:00,10/15/15,61.006781578063965,7.427228927612305
517,10/16/15 00:00:00,10/16/15,61.72539234161377,6.994548797607422
518,10/17/15 00:00:00,10/17/15,61.93854904174805,10.870523452758789
519,10/18/15 00:00:00,10/18/15,63.4930534362793,7.967498779296875
520,10/19/15 00:00:00,10/19/15,64.73396110534668,7.162508964538574
521,10/20/15 00:00:00,10/20/15,67.47997951507568,10.557445526123047
522,10/21/15 00:00:00,10/21/15,67.18670749664307,13.71768569946289
523,10/22/15 00:00:00,10/22/15,66.68981075286865,8.626235961914062
524,10/23/15 00:00:00,10/23/15,65.3861665725708,7.359009742736816
525,10/24/15 00:00:00,10/24/15,66.2942590713501,6.972886085510254
526,10/25/15 00:00:00,10/25/15,65.65223121643066,11.226165771484375
527,10/26/15 00:00:00,10/26/15,62.927608489990234,8.056143760681152
528,10/27/15 00:00:00,10/27/15,60.63763427734375,7.189470291137695
529,10/28/15 00:00:00,10/28/15,60.20561981201172,6.9185943603515625
530,10/29/15 00:00:00,10/29/15,60.745500564575195,10.808099746704102
531,10/30/15 00:00:00,10/30/15,58.6984281539917,7.951735496520996
532,10/31/15 00:00:00,10/31/15,59.38849067687988,7.157696723937988
533,11/01/15 00:00:00,11/01/15,58.97217559814453,11.004355430603027
534,11/02/15 00:00:00,11/02/15,58.854308128356934,14.063969612121582
536,11/04/15 00:00:00,11/04/15,59.80299949645996,17.400193214416504
537,11/05/15 00:00:00,11/05/15,62.16692066192627,9.333366394042969
538,11/06/15 00:00:00,11/06/15,62.39547348022461,7.56044864654541
539,11/07/15 00:00:00,11/07/15,59.85836887359619,7.036555290222168
540,11/08/15 00:00:00,11/08/15,60.53987121582031,6.869063377380371
541,11/09/15 00:00:00,11/09/15,61.43880271911621,6.814187049865723
542,11/10/15 00:00:00,11/10/15,60.41826343536377,6.796063423156738
543,11/11/15 00:00:00,11/11/15,61.017374992370605,10.863934516906738
544,11/12/15 00:00:00,11/12/15,60.63082695007324,7.965837478637695
545,11/13/15 00:00:00,11/13/15,59.917006492614746,7.162001609802246
546,11/14/15 00:00:00,11/14/15,59.73509120941162,11.007882118225098
547,11/15/15 00:00:00,11/15/15,59.385531425476074,8.001969337463379
548,11/16/15 00:00:00,11/16/15,60.30916881561279,7.173012733459473
549,11/17/15 00:00:00,11/17/15,60.27969837188721,6.9132890701293945
550,11/18/15 00:00:00,11/18/15,59.7489538192749,6.828741073608398
551,11/19/15 00:00:00,11/19/15,59.77218437194824,10.734158515930176
552,11/20/15 00:00:00,11/20/15,59.67995548248291,13.854890823364258
553,11/21/15 00:00:00,11/21/15,62.08494567871094,15.25864028930664
554,11/22/15 00:00:00,11/22/15,63.74731922149658,8.939613342285156
555,11/23/15 00:00:00,11/23/15,63.79765033721924,7.449455261230469
556,11/24/15 00:00:00,11/24/15,62.76847457885742,7.001585006713867
557,11/25/15 00:00:00,11/25/15,62.602660179138184,10.876300811767578
558,11/26/15 00:00:00,11/26/15,62.16894340515137,13.964987754821777
559,11/27/15 00:00:00,11/27/15,61.77670097351074,8.678389549255371
561,11/29/15 00:00:00,11/29/15,61.352484703063965,13.029645919799805
562,11/30/15 00:00:00,11/30/15,60.90150833129883,15.604300498962402
563,12/01/15 00:00:00,12/01/15,61.36886024475098,17.496512413024902
564,12/02/15 00:00:00,12/02/15,63.624728202819824,17.27297306060791
565,12/03/15 00:00:00,12/03/15,63.04085826873779,18.685248374938965
566,12/04/15 00:00:00,12/04/15,62.8643684387207,19.669140815734863
567,12/05/15 00:00:00,12/05/15,62.00388050079346,9.705300331115723
568,12/06/15 00:00:00,12/06/15,61.101887702941895,7.662676811218262
569,12/07/15 00:00:00,12/07/15,61.78608322143555,7.068524360656738
570,12/08/15 00:00:00,12/08/15,60.6037015914917,6.879463195800781
571,12/09/15 00:00:00,12/09/15,60.44913864135742,6.81761360168457
572,12/10/15 00:00:00,12/10/15,60.360700607299805,6.797197341918945
573,12/11/15 00:00:00,12/11/15,58.775898933410645,6.790437698364258
574,12/12/15 00:00:00,12/12/15,58.37515163421631,6.7881975173950195
575,12/13/15 00:00:00,12/13/15,58.7095365524292,10.700760841369629
576,12/14/15 00:00:00,12/14/15,59.34024143218994,13.828988075256348
577,12/15/15 00:00:00,12/15/15,57.22182083129883,8.649800300598145
578,12/16/15 00:00:00,12/16/15,58.611735343933105,7.365877151489258
579,12/17/15 00:00:00,12/17/15,58.7967529296875,6.975071907043457
581,12/19/15 00:00:00,12/19/15,59.982991218566895,7.16481876373291
582,12/20/15 00:00:00,12/20/15,59.91816520690918,11.0101900100708
583,12/21/15 00:00:00,12/21/15,59.47701454162598,8.002546310424805
584,12/22/15 00:00:00,12/22/15,59.279361724853516,7.173188209533691
585,12/23/15 00:00:00,12/23/15,59.82267665863037,11.017045021057129
586,12/24/15 00:00:00,12/24/15,59.358887672424316,14.07376766204834
587,12/25/15 00:00:00,12/25/15,60.24359703063965,16.532816886901855
588,12/26/15 00:00:00,12/26/15,60.933298110961914,9.179302215576172
589,12/27/15 00:00:00,12/27/15,60.041948318481445,7.517364501953125
590,12/28/15 00:00:00,12/28/15,60.12930393218994,7.023013114929199
592,12/30/15 00:00:00,12/30/15,61.80126190185547,7.179412841796875
593,12/31/15 00:00:00,12/31/15,61.12688636779785,6.915353775024414
594,01/01/16 00:00:00,01/01/16,61.2630033493042,6.829419136047363
595,01/02/16 00:00:00,01/02/16,59.2921724319458,6.8011016845703125
596,01/03/16 00:00:00,01/03/16,60.20634365081787,6.791730880737305
597,01/04/16 00:00:00,01/04/16,58.68745708465576,6.788626670837402
598,01/05/16 00:00:00,01/05/16,59.085293769836426,10.701114654541016
599,01/06/16 00:00:00,01/06/16,59.79043197631836,13.829261779785156
600,01/07/16 00:00:00,01/07/16,59.9593505859375,16.199706077575684
601,01/08/16 00:00:00,01/08/16,58.80460262298584,18.965967178344727
602,01/09/16 00:00:00,01/09/16,58.838059425354004,19.862343788146973
603,01/10/16 00:00:00,01/10/16,57.984137535095215,20.4741153717041
604,01/11/16 00:00:00,01/11/16,56.83073616027832,21.267172813415527
605,01/12/16 00:00:00,01/12/16,56.30809020996094,21.417393684387207
606,01/13/16 00:00:00,01/13/16,56.807419776916504,21.51715850830078
608,01/15/16 00:00:00,01/15/16,58.67612171173096,23.868331909179688
609,01/16/16 00:00:00,01/16/16,61.328110694885254,21.211389541625977
610,01/17/16 00:00:00,01/17/16,63.44726371765137,22.879677772521973
611,01/18/16 00:00:00,01/18/16,64.52322196960449,22.477410316467285
612,01/19/16 00:00:00,01/19/16,65.8220329284668,23.267324447631836
613,01/20/16 00:00:00,01/20/16,67.14189529418945,23.705190658569336
614,01/21/16 00:00:00,01/21/16,68.46522617340088,23.871140480041504
616,01/23/16 00:00:00,01/23/16,69.86054420471191,24.98762035369873
617,01/24/16 00:00:00,01/24/16,69.68377780914307,23.827800750732422
618,01/25/16 00:00:00,01/25/16,69.68700695037842,23.089661598205566
619,01/26/16 00:00:00,01/26/16,69.74802303314209,22.613701820373535
620,01/27/16 00:00:00,01/27/16,67.54280948638916,10.130284309387207
621,01/28/16 00:00:00,01/28/16,67.24941062927246,13.384496688842773
622,01/29/16 00:00:00,01/29/16,66.7231035232544,8.554783821105957
623,01/30/16 00:00:00,01/30/16,65.62891864776611,7.3381195068359375
624,01/31/16 00:00:00,01/31/16,65.90588760375977,6.966231346130371
625,02/01/16 00:00:00,02/01/16,63.806660652160645,8.309639930725098
626,02/02/16 00:00:00,02/02/16,64.37591648101807,7.265671730041504
627,02/03/16 00:00:00,02/03/16,63.62722873687744,6.943077087402344
628,02/04/16 00:00:00,02/04/16,63.2886381149292,10.828228950500488
629,02/05/16 00:00:00,02/05/16,60.66630744934082,9.5979642868042
630,02/06/16 00:00:00,02/06/16,60.75078296661377,7.633429527282715
631,02/07/16 00:00:00,02/07/16,59.9942626953125,7.05940055847168
632,02/08/16 00:00:00,02/08/16,58.5468635559082,6.876497268676758
633,02/09/16 00:00:00,02/09/16,59.7819185256958,6.816636085510254
634,02/10/16 00:00:00,02/10/16,60.39131832122803,10.940389633178711
635,02/11/16 00:00:00,02/11/16,60.77897548675537,14.01455020904541
636,02/12/16 00:00:00,02/12/16,60.81010341644287,16.33666706085205
637,02/13/16 00:00:00,02/13/16,61.5542631149292,18.021796226501465
638,02/14/16 00:00:00,02/14/16,62.37326908111572,19.20942211151123
639,02/15/16 00:00:00,02/15/16,63.17214870452881,20.029273986816406
640,02/16/16 00:00:00,02/16/16,63.58896827697754,9.760552406311035
641,02/17/16 00:00:00,02/17/16,62.560553550720215,7.677652359008789
642,02/18/16 00:00:00,02/18/16,62.600361824035645,7.073187828063965
643,02/19/16 00:00:00,02/19/16,63.140113830566406,6.880978584289551
644,02/20/16 00:00:00,02/20/16,63.812541007995605,11.145325660705566
645,02/21/16 00:00:00,02/21/16,64.44633769989014,14.172713279724121
646,02/22/16 00:00:00,02/22/16,64.95038414001465,16.45328140258789
647,02/23/16 00:00:00,02/23/16,65.11420440673828,18.10491943359375
648,02/24/16 00:00:00,02/24/16,65.7181282043457,9.453508377075195
649,02/25/16 00:00:00,02/25/16,64.99386024475098,13.097192764282227
650,02/26/16 00:00:00,02/26/16,64.45486545562744,15.654870986938477
651,02/27/16 00:00:00,02/27/16,63.82687282562256,17.5329647064209
652,02/28/16 00:00:00,02/28/16,61.95686912536621,9.356337547302246
653,02/29/16 00:00:00,02/29/16,62.69395446777344,13.18618392944336
654,03/01/16 00:00:00,03/01/16,63.05545139312744,8.51159381866455
655,03/02/16 00:00:00,03/02/16,62.87009525299072,7.325443267822266
656,03/03/16 00:00:00,03/03/16,62.25032424926758,6.962188720703125
657,03/04/16 00:00:00,03/04/16,61.906142234802246,6.844779014587402
658,03/05/16 00:00:00,03/05/16,61.62762451171875,10.747364044189453
659,03/06/16 00:00:00,03/06/16,61.672133445739746,13.865129470825195
660,03/07/16 00:00:00,03/07/16,60.897743225097656,8.657419204711914
661,03/08/16 00:00:00,03/08/16,61.224517822265625,12.218819618225098
662,03/09/16 00:00:00,03/09/16,61.1954984664917,14.993249893188477
663,03/10/16 00:00:00,03/10/16,61.60780620574951,17.05391216278076
664,03/11/16 00:00:00,03/11/16,61.51070976257324,18.530831336975098
665,03/12/16 00:00:00,03/12/16,58.60337448120117,9.524041175842285
666,03/13/16 00:00:00,03/13/16,58.809295654296875,7.613167762756348
667,03/14/16 00:00:00,03/14/16,58.8166618347168,7.053070068359375
668,03/15/16 00:00:00,03/15/16,58.551541328430176,10.918567657470703
669,03/16/16 00:00:00,03/16/16,59.36370277404785,14.550252914428711
670,03/17/16 00:00:00,03/17/16,59.74393272399902,16.73054313659668
671,03/18/16 00:00:00,03/18/16,60.09988594055176,18.301989555358887
672,03/19/16 00:00:00,03/19/16,60.75228404998779,19.404107093811035
673,03/20/16 00:00:00,03/20/16,60.96915340423584,20.1623477935791
674,03/21/16 00:00:00,03/21/16,60.26164722442627,20.677130699157715
675,03/22/16 00:00:00,03/22/16,60.03299045562744,21.023486137390137
676,03/23/16 00:00:00,03/23/16,56.431294441223145,9.908167839050293
677,03/24/16 00:00:00,03/24/16,58.8499698638916,7.717399597167969
678,03/25/16 00:00:00,03/25/16,61.06661605834961,7.085543632507324
679,03/26/16 00:00:00,03/26/16,61.34625816345215,6.8849897384643555
680,03/27/16 00:00:00,03/27/16,59.46353816986084,8.864496231079102
681,03/28/16 00:00:00,03/28/16,59.04160022735596,7.427947998046875
682,03/29/16 00:00:00,03/29/16,56.43819522857666,7.061881065368652
683,03/30/16 00:00:00,03/30/16,56.12377738952637,10.925797462463379
684,03/31/16 00:00:00,03/31/16,56.83314228057861,14.00326919555664
685,04/01/16 00:00:00,04/01/16,57.41967582702637,16.32833957672119
686,04/02/16 00:00:00,04/02/16,57.043877601623535,18.015854835510254
687,04/03/16 00:00:00,04/03/16,58.1448974609375,19.83077049255371
688,04/04/16 00:00:00,04/04/16,57.774081230163574,9.730217933654785
689,04/05/16 00:00:00,04/05/16,58.66162967681885,7.669437408447266
690,04/06/16 00:00:00,04/06/16,57.67091083526611,7.070630073547363
691,04/07/16 00:00:00,04/07/16,58.77605724334717,6.8801469802856445
692,04/08/16 00:00:00,04/08/16,58.70396041870117,10.776473999023438
693,04/09/16 00:00:00,04/09/16,58.6196813583374,13.887691497802734
694,04/10/16 00:00:00,04/10/16,58.42088985443115,16.24293613433838
695,04/11/16 00:00:00,04/11/16,58.97487735748291,17.954880714416504
696,04/12/16 00:00:00,04/12/16,59.010979652404785,9.42829418182373
697,04/13/16 00:00:00,04/13/16,59.75112438201904,13.24028491973877
698,04/14/16 00:00:00,04/14/16,59.64906311035156,15.761834144592285
699,04/15/16 00:00:00,04/15/16,59.55052852630615,17.609976768493652
700,04/16/16 00:00:00,04/16/16,60.276323318481445,18.921850204467773
701,04/17/16 00:00:00,04/17/16,61.35486698150635,20.084552764892578
702,04/18/16 00:00:00,04/18/16,59.939148902893066,9.76894760131836
703,04/19/16 00:00:00,04/19/16,59.563541412353516,7.679923057556152
704,04/20/16 00:00:00,04/20/16,59.86304187774658,7.073894500732422
706,04/22/16 00:00:00,04/22/16,59.18789005279541,12.077977180480957
707,04/23/16 00:00:00,04/23/16,59.42043972015381,14.88634967803955
708,04/24/16 00:00:00,04/24/16,58.91987323760986,16.976073265075684
709,04/25/16 00:00:00,04/25/16,59.41045951843262,18.475844383239746
710,04/26/16 00:00:00,04/26/16,59.99780082702637,19.524513244628906
711,04/27/16 00:00:00,04/27/16,60.696269035339355,20.24446392059326
712,04/28/16 00:00:00,04/28/16,61.7938871383667,20.84884738922119
713,04/29/16 00:00:00,04/29/16,61.48763847351074,9.882745742797852
714,04/30/16 00:00:00,04/30/16,59.14500331878662,7.710580825805664
715,05/01/16 00:00:00,05/01/16,60.16359043121338,7.083426475524902
716,05/02/16 00:00:00,05/02/16,59.493435859680176,6.884303092956543
717,05/03/16 00:00:00,05/03/16,58.75033760070801,6.819207191467285
718,05/04/16 00:00:00,05/04/16,59.885727882385254,6.797724723815918
719,05/05/16 00:00:00,05/05/16,59.47641658782959,6.79061222076416
720,05/06/16 00:00:00,05/06/16,59.61204147338867,6.78825569152832
721,05/07/16 00:00:00,05/07/16,58.82364845275879,6.787474632263184
722,05/08/16 00:00:00,05/08/16,58.65542984008789,10.700164794921875
723,05/09/16 00:00:00,05/09/16,60.51303958892822,7.9243316650390625
724,05/10/16 00:00:00,05/10/16,59.314762115478516,7.149319648742676
725,05/11/16 00:00:00,05/11/16,59.194509506225586,6.905641555786133
726,05/12/16 00:00:00,05/12/16,60.59239959716797,6.826227188110352
727,05/13/16 00:00:00,05/13/16,60.5375919342041,10.732088088989258
728,05/14/16 00:00:00,05/14/16,60.831664085388184,13.85328483581543
729,05/15/16 00:00:00,05/15/16,61.414422035217285,16.21748447418213
730,05/16/18 00:00:00,05/16/18,69.83200740814209,6.930667877197266
731,05/17/18 00:00:00,05/17/18,70.46406269073486,11.189041137695312
732,05/18/18 00:00:00,05/18/18,70.40722942352295,14.206387519836426
1095,05/16/16 00:00:00,05/16/16,61.87071418762207,9.121512413024902
1096,05/17/16 00:00:00,05/17/16,59.94692039489746,7.501090049743652
1097,05/18/16 00:00:00,05/18/16,57.96207141876221,7.017887115478516
1098,05/19/16 00:00:00,05/19/16,58.93957042694092,6.862978935241699
1099,05/20/16 00:00:00,05/20/16,58.467721939086914,6.812180519104004
1100,05/21/16 00:00:00,05/21/16,60.67538547515869,7.856585502624512
1102,05/23/16 00:00:00,05/23/16,60.496609687805176,12.377992630004883
1103,05/24/16 00:00:00,05/24/16,59.736228942871094,8.330275535583496
1104,05/25/16 00:00:00,05/25/16,59.66034412384033,11.956302642822266
1105,05/26/16 00:00:00,05/26/16,58.71929740905762,8.232137680053711
1106,05/27/16 00:00:00,05/27/16,59.408090591430664,7.242514610290527
1107,05/28/16 00:00:00,05/28/16,59.76912212371826,6.935650825500488
1108,05/29/16 00:00:00,05/29/16,61.00024890899658,6.836082458496094
1109,05/30/16 00:00:00,05/30/16,61.70198917388916,6.803302764892578
1110,05/31/16 00:00:00,05/31/16,64.15062427520752,6.7924604415893555
1111,06/01/16 00:00:00,06/01/16,63.59106922149658,10.719637870788574
1112,06/02/16 00:00:00,06/02/16,63.06703186035156,13.843629837036133
1113,06/03/16 00:00:00,06/03/16,62.065635681152344,17.05789279937744
1114,06/04/16 00:00:00,06/04/16,61.73560333251953,18.533641815185547
1115,06/05/16 00:00:00,06/05/16,61.10555934906006,19.564475059509277
1116,06/06/16 00:00:00,06/06/16,60.91235637664795,20.271687507629395
1117,06/07/16 00:00:00,06/07/16,59.76350402832031,9.797200202941895
1118,06/08/16 00:00:00,06/08/16,59.41402721405029,7.687555313110352
1119,06/09/16 00:00:00,06/09/16,61.607707023620605,8.62503719329834
1120,06/10/16 00:00:00,06/10/16,62.087350845336914,7.358659744262695
1121,06/11/16 00:00:00,06/11/16,61.807756423950195,6.972774505615234
1122,06/12/16 00:00:00,06/12/16,61.54507064819336,10.852635383605957
1123,06/13/16 00:00:00,06/13/16,61.35930633544922,13.946673393249512
1124,06/14/16 00:00:00,06/14/16,61.30885982513428,16.286538124084473
1125,06/15/16 00:00:00,06/15/16,61.183444023132324,17.9860200881958
1126,06/16/16 00:00:00,06/16/16,60.32618713378906,19.184507369995117
1127,06/17/16 00:00:00,06/17/16,59.476325035095215,20.01221752166748
1128,06/18/16 00:00:00,06/18/16,59.94265651702881,9.757957458496094
1129,06/19/16 00:00:00,06/19/16,59.94912815093994,13.092304229736328
1130,06/20/16 00:00:00,06/20/16,59.90202236175537,15.651213645935059
1131,06/21/16 00:00:00,06/21/16,60.09299945831299,9.015237808227539
1132,06/22/16 00:00:00,06/22/16,59.8808012008667,7.470998764038086
1133,06/23/16 00:00:00,06/23/16,61.09404182434082,7.008393287658691
1134,06/24/16 00:00:00,06/24/16,60.93512439727783,10.881893157958984
1135,06/25/16 00:00:00,06/25/16,59.388973236083984,7.970363616943359
1136,06/26/16 00:00:00,06/26/16,61.584540367126465,11.160858154296875
1137,06/27/16 00:00:00,06/27/16,58.98421573638916,8.040013313293457
1138,06/28/16 00:00:00,06/28/16,59.46326732635498,7.184576988220215
1139,06/29/16 00:00:00,06/29/16,59.26714324951172,11.026371955871582
1140,06/30/16 00:00:00,06/30/16,57.86101150512695,8.006587028503418
1141,07/01/16 00:00:00,07/01/16,58.2783088684082,11.6952486038208
1142,07/02/16 00:00:00,07/02/16,59.51550006866455,8.17011547088623
1143,07/03/16 00:00:00,07/03/16,61.802162170410156,11.308445930480957
1144,07/04/16 00:00:00,07/04/16,59.54271125793457,11.521397590637207
1145,07/05/16 00:00:00,07/05/16,60.12886047363281,8.12825870513916
1146,07/06/16 00:00:00,07/06/16,58.44433403015137,7.2112836837768555
1147,07/07/16 00:00:00,07/07/16,58.52165508270264,6.925616264343262
1148,07/08/16 00:00:00,07/08/16,58.845916748046875,10.813873291015625
1149,07/09/16 00:00:00,07/09/16,58.98437309265137,13.91666316986084
1150,07/10/16 00:00:00,07/10/16,58.818312644958496,16.264358520507812
1151,07/11/16 00:00:00,07/11/16,58.04089832305908,17.970182418823242
1152,07/12/16 00:00:00,07/12/16,56.042184829711914,9.430874824523926
1153,07/13/16 00:00:00,07/13/16,58.24605751037598,7.587491035461426
1154,07/14/16 00:00:00,07/14/16,59.378570556640625,7.0450334548950195
1155,07/15/16 00:00:00,07/15/16,58.56060600280762,6.871823310852051
1156,07/16/16 00:00:00,07/16/16,59.14639949798584,6.815095901489258
1157,07/17/16 00:00:00,07/17/16,58.855549812316895,10.722920417785645
1158,07/18/16 00:00:00,07/18/16,57.36310863494873,7.930124282836914
1159,07/19/16 00:00:00,07/19/16,57.69080448150635,7.151091575622559
1160,07/20/16 00:00:00,07/20/16,58.82460689544678,6.906213760375977
1161,07/21/16 00:00:00,07/21/16,57.50212287902832,6.826415061950684
1162,07/22/16 00:00:00,07/22/16,57.254499435424805,6.800107955932617
1163,07/23/16 00:00:00,07/23/16,57.231000900268555,10.71057415008545
1164,07/24/16 00:00:00,07/24/16,57.22219753265381,7.926982879638672
1165,07/25/16 00:00:00,07/25/16,57.77719020843506,7.1501312255859375
1166,07/26/16 00:00:00,07/26/16,57.08293437957764,6.9059038162231445
1167,07/27/16 00:00:00,07/27/16,57.07521438598633,10.797662734985352
1168,07/28/16 00:00:00,07/28/16,56.946335792541504,13.904107093811035
1169,07/29/16 00:00:00,07/29/16,57.896039962768555,8.665618896484375
1170,07/30/16 00:00:00,07/30/16,58.3285608291626,12.225382804870605
1171,07/31/16 00:00:00,07/31/16,58.54467010498047,14.998226165771484
1172,08/01/16 00:00:00,08/01/16,61.08882141113281,8.888538360595703
1173,08/02/16 00:00:00,08/02/16,60.98516273498535,7.434843063354492
1174,08/03/16 00:00:00,08/03/16,61.31485366821289,6.996960639953613
1175,08/04/16 00:00:00,08/04/16,59.58470630645752,6.856149673461914
1176,08/05/16 00:00:00,08/05/16,59.67412185668945,6.809927940368652
1177,08/06/16 00:00:00,08/06/16,59.889039039611816,10.718664169311523
1178,08/07/16 00:00:00,08/07/16,62.6961088180542,13.137386322021484
1179,08/08/16 00:00:00,08/08/16,61.796359062194824,8.500889778137207
1180,08/09/16 00:00:00,08/09/16,60.71676445007324,7.322295188903809
1181,08/10/16 00:00:00,08/10/16,60.45588397979736,11.139032363891602
1182,08/11/16 00:00:00,08/11/16,60.033793449401855,14.167863845825195
1183,08/12/16 00:00:00,08/12/16,60.17080879211426,16.44970989227295
1184,08/13/16 00:00:00,08/13/16,59.62917137145996,18.102375984191895
1185,08/14/16 00:00:00,08/14/16,59.52467727661133,19.265491485595703
1186,08/15/16 00:00:00,08/15/16,59.60690689086914,20.067636489868164
1187,08/16/16 00:00:00,08/16/16,59.321359634399414,20.613131523132324
1188,08/17/16 00:00:00,08/17/16,59.67923069000244,20.980563163757324
1189,08/18/16 00:00:00,08/18/16,60.28688716888428,21.22646427154541
1190,08/19/16 00:00:00,08/19/16,60.04958629608154,21.390321731567383
1191,08/20/16 00:00:00,08/20/16,59.82200336456299,9.960885047912598
1192,08/21/16 00:00:00,08/21/16,60.05939197540283,13.251763343811035
1193,08/22/16 00:00:00,08/22/16,59.91536521911621,15.770403861999512
1194,08/23/16 00:00:00,08/23/16,60.15688228607178,9.03787899017334
1195,08/24/16 00:00:00,08/24/16,60.35585117340088,12.52245807647705
1196,08/25/16 00:00:00,08/25/16,60.44038391113281,15.222946166992188
1197,08/26/16 00:00:00,08/26/16,61.2657356262207,17.220752716064453
1198,08/27/16 00:00:00,08/27/16,61.062252044677734,18.64848232269287
1199,08/28/16 00:00:00,08/28/16,60.0411434173584,19.66519832611084
1200,08/29/16 00:00:00,08/29/16,59.33254146575928,20.340232849121094
1201,08/30/16 00:00:00,08/30/16,58.914350509643555,20.797100067138672
1202,08/31/16 00:00:00,08/31/16,58.929932594299316,21.10384178161621
1203,09/01/16 00:00:00,09/01/16,61.22867488861084,9.919794082641602
1204,09/02/16 00:00:00,09/02/16,60.63280773162842,13.219514846801758
1205,09/03/16 00:00:00,09/03/16,60.411163330078125,15.746321678161621
1206,09/04/16 00:00:00,09/04/16,60.19707012176514,17.59881591796875
1207,09/05/16 00:00:00,09/05/16,59.838833808898926,18.91403293609619
1208,09/06/16 00:00:00,09/06/16,59.445106506347656,9.586215019226074
1211,09/09/16 00:00:00,09/09/16,59.88981533050537,14.511319160461426
1212,09/10/16 00:00:00,09/10/16,60.33762836456299,16.702022552490234
1213,09/11/16 00:00:00,09/11/16,59.81161403656006,18.28175449371338
1214,09/12/16 00:00:00,09/12/16,59.341636657714844,19.390073776245117
1215,09/13/16 00:00:00,09/13/16,59.62974452972412,20.152767181396484
1216,09/14/16 00:00:00,09/14/16,60.05211353302002,20.670660972595215
1217,09/15/16 00:00:00,09/15/16,61.061750411987305,9.856588363647461
1218,09/16/16 00:00:00,09/16/16,61.054738998413086,13.169870376586914
1219,09/17/16 00:00:00,09/17/16,61.859872817993164,15.709226608276367
1220,09/18/16 00:00:00,09/18/16,61.12368106842041,17.572114944458008
1221,09/19/16 00:00:00,09/19/16,61.05466651916504,18.895326614379883
1222,09/20/16 00:00:00,09/20/16,60.97761821746826,9.583208084106445
1230,09/28/16 00:00:00,09/28/16,60.19675922393799,18.19736671447754
1231,09/29/16 00:00:00,09/29/16,59.119625091552734,19.725430488586426
1232,09/30/16 00:00:00,09/30/16,58.39580726623535,20.381176948547363
1233,10/01/16 00:00:00,10/01/16,57.606658935546875,20.824670791625977
1234,10/02/16 00:00:00,10/02/16,58.224547386169434,21.122289657592773
1235,10/03/16 00:00:00,10/03/16,57.44806957244873,21.32097339630127
1236,10/04/16 00:00:00,10/04/16,58.289907455444336,21.453147888183594
1237,10/05/16 00:00:00,10/05/16,58.97886085510254,21.54087257385254
1238,10/06/16 00:00:00,10/06/16,59.355194091796875,21.59900665283203
1239,10/07/16 00:00:00,10/07/16,59.4754695892334,21.63749122619629
1240,10/08/16 00:00:00,10/08/16,59.57342529296875,21.66295051574707
1241,10/09/16 00:00:00,10/09/16,59.65314960479736,21.67978572845459
1242,10/10/16 00:00:00,10/10/16,58.97004508972168,21.69091510772705
1244,10/12/16 00:00:00,10/12/16,57.681015968322754,23.212347984313965
1245,10/13/16 00:00:00,10/13/16,56.34687328338623,23.876529693603516
1246,10/14/16 00:00:00,10/14/16,56.87568950653076,23.120911598205566
1247,10/15/16 00:00:00,10/15/16,58.24366760253906,24.321266174316406
1248,10/16/16 00:00:00,10/16/16,57.387428283691406,23.405155181884766
1249,10/17/16 00:00:00,10/17/16,56.327696800231934,22.81773090362549
1250,10/18/16 00:00:00,10/18/16,55.06563091278076,23.026619911193848
1251,10/19/16 00:00:00,10/19/16,55.05285930633545,22.572826385498047
1252,10/20/16 00:00:00,10/20/16,56.28205394744873,22.694217681884766
1253,10/21/16 00:00:00,10/21/16,56.80588436126709,22.356704711914062
1254,10/22/16 00:00:00,10/22/16,57.224586486816406,22.136235237121582
1255,10/23/16 00:00:00,10/23/16,58.48355960845947,22.742411613464355
1256,10/24/16 00:00:00,10/24/16,59.162235260009766,22.38810157775879
1257,10/25/16 00:00:00,10/25/16,59.704267501831055,22.156787872314453
1258,10/26/16 00:00:00,10/26/16,63.387587547302246,11.082542419433594
1259,10/27/16 00:00:00,10/27/16,63.46215534210205,14.124311447143555
1260,10/28/16 00:00:00,10/28/16,62.97215270996094,16.41762351989746
1261,10/29/16 00:00:00,10/29/16,62.66477680206299,18.079517364501953
1262,10/30/16 00:00:00,10/30/16,60.417245864868164,9.44925308227539
1263,10/31/16 00:00:00,10/31/16,59.63655376434326,7.592568397521973
1264,11/01/16 00:00:00,11/01/16,58.31088638305664,7.046624183654785
1265,11/02/16 00:00:00,11/02/16,60.53819465637207,7.988339424133301
1266,11/03/16 00:00:00,11/03/16,59.86519432067871,7.168862342834473
1267,11/04/16 00:00:00,11/04/16,60.314735412597656,11.013501167297363
1268,11/05/16 00:00:00,11/05/16,62.085824966430664,8.003373146057129
1269,11/06/16 00:00:00,11/06/16,60.178361892700195,7.173439979553223
1270,11/07/16 00:00:00,11/07/16,62.28776836395264,6.913427352905273
1271,11/08/16 00:00:00,11/08/16,61.41419315338135,6.8287858963012695
1272,11/09/16 00:00:00,11/09/16,59.89127445220947,6.800891876220703
1273,11/10/16 00:00:00,11/10/16,59.016868591308594,6.791662216186523
1274,11/11/16 00:00:00,11/11/16,59.791831970214844,6.788603782653809
1275,11/12/16 00:00:00,11/12/16,58.44902324676514,6.787590026855469
1276,11/13/16 00:00:00,11/13/16,57.16481590270996,6.787253379821777
1277,11/14/16 00:00:00,11/14/16,58.469706535339355,6.787141799926758
1278,11/15/16 00:00:00,11/15/16,58.19890880584717,6.787105560302734
1279,11/16/16 00:00:00,11/16/16,58.55405807495117,6.787093162536621
1280,11/17/16 00:00:00,11/17/16,58.24747943878174,6.7870893478393555
1281,11/18/16 00:00:00,11/18/16,59.87013530731201,9.471137046813965
1282,11/19/16 00:00:00,11/19/16,61.76279926300049,7.598606109619141
1283,11/20/16 00:00:00,11/20/16,61.884005546569824,11.364340782165527
1284,11/21/16 00:00:00,11/21/16,61.77471446990967,14.34119987487793
1285,11/22/16 00:00:00,11/22/16,62.254061698913574,8.756329536437988
1286,11/23/16 00:00:00,11/23/16,61.32340717315674,7.396787643432617
1287,11/24/16 00:00:00,11/24/16,62.428772926330566,6.984895706176758
1288,11/25/16 00:00:00,11/25/16,62.00779438018799,6.852208137512207
1289,11/26/16 00:00:00,11/26/16,63.33445644378662,10.322850227355957
1290,11/27/16 00:00:00,11/27/16,63.97647190093994,7.827052116394043
1291,11/28/16 00:00:00,11/28/16,61.778194427490234,7.119452476501465
1292,11/29/16 00:00:00,11/29/16,61.70458126068115,10.973012924194336
1293,11/30/16 00:00:00,11/30/16,60.37148857116699,7.993247032165527
1294,12/01/16 00:00:00,12/01/16,61.39286708831787,7.170357704162598
1295,12/02/16 00:00:00,12/02/16,61.381672859191895,6.912432670593262
1296,12/03/16 00:00:00,12/03/16,62.370768547058105,6.828459739685059
1297,12/04/16 00:00:00,12/04/16,62.314724922180176,6.800784111022949
1298,12/05/16 00:00:00,12/05/16,62.930413246154785,11.058279037475586
1299,12/06/16 00:00:00,12/06/16,60.37623405456543,8.014542579650879
1300,12/07/16 00:00:00,12/07/16,60.80876350402832,7.176837921142578
1301,12/08/16 00:00:00,12/08/16,59.95801067352295,6.914523124694824
1302,12/09/16 00:00:00,12/09/16,59.487688064575195,6.829146385192871
1303,12/10/16 00:00:00,12/10/16,59.26700782775879,6.801011085510254
1304,12/11/16 00:00:00,12/11/16,58.14616394042969,6.791701316833496
1305,12/12/16 00:00:00,12/12/16,59.034963607788086,6.788617134094238
1306,12/13/16 00:00:00,12/13/16,59.30849075317383,10.701106071472168
1307,12/14/16 00:00:00,12/14/16,60.242316246032715,7.9245710372924805
1308,12/15/16 00:00:00,12/15/16,59.07708930969238,7.149393081665039
1309,12/16/16 00:00:00,12/16/16,61.0178861618042,6.905664443969727
1310,12/17/16 00:00:00,12/17/16,59.64918613433838,6.826234817504883
1311,12/18/16 00:00:00,12/18/16,59.388641357421875,6.800048828125
1312,12/19/16 00:00:00,12/19/16,59.7504186630249,6.791382789611816
1313,12/20/16 00:00:00,12/20/16,62.629024505615234,10.276679039001465
1314,12/21/16 00:00:00,12/21/16,60.76565933227539,7.8149871826171875
1315,12/22/16 00:00:00,12/22/16,59.949522972106934,7.115734100341797
1316,12/23/16 00:00:00,12/23/16,60.46964168548584,6.894777297973633
1317,12/24/16 00:00:00,12/24/16,59.43253040313721,6.822654724121094
1318,12/25/16 00:00:00,12/25/16,58.57447052001953,6.798864364624023
1319,12/26/16 00:00:00,12/26/16,58.25905132293701,6.790989875793457
1320,12/27/16 00:00:00,12/27/16,56.544057846069336,6.7883806228637695
1321,12/28/16 00:00:00,12/28/16,56.77061653137207,10.700911521911621
1322,12/29/16 00:00:00,12/29/16,57.6234016418457,14.441240310668945
1323,12/30/16 00:00:00,12/30/16,59.059261322021484,8.776776313781738
1324,12/31/16 00:00:00,12/31/16,57.37626934051514,7.402695655822754
1325,01/01/17 00:00:00,01/01/17,59.713500022888184,7.928657531738281
1326,01/02/17 00:00:00,01/02/17,57.25697040557861,7.150643348693848
1328,01/04/17 00:00:00,01/04/17,58.059603691101074,7.218031883239746
1329,01/05/17 00:00:00,01/05/17,56.917420387268066,6.927786827087402
1330,01/06/17 00:00:00,01/06/17,56.793171882629395,6.833501815795898
1331,01/07/17 00:00:00,01/07/17,58.771244049072266,6.802450180053711
1332,01/08/17 00:00:00,01/08/17,60.13429260253906,10.28508472442627
1333,01/09/17 00:00:00,01/09/17,58.2094841003418,7.81718635559082
1334,01/10/17 00:00:00,01/10/17,58.43846797943115,7.116412162780762
1335,01/11/17 00:00:00,01/11/17,56.541093826293945,6.894997596740723
1336,01/12/17 00:00:00,01/12/17,55.54999542236328,6.822727203369141
1337,01/13/17 00:00:00,01/13/17,54.471543312072754,6.798888206481934
1338,01/14/17 00:00:00,01/14/17,56.11567497253418,9.427107810974121
1339,01/15/17 00:00:00,01/15/17,55.215349197387695,7.58644962310791
1340,01/16/17 00:00:00,01/16/17,54.24524784088135,7.044707298278809
1341,01/17/17 00:00:00,01/17/17,54.23305892944336,6.87171745300293
1342,01/18/17 00:00:00,01/18/17,54.22616195678711,6.815061569213867
1343,01/19/17 00:00:00,01/19/17,53.1986665725708,6.796352386474609
1344,01/20/17 00:00:00,01/20/17,54.82521343231201,9.469801902770996
1345,01/21/17 00:00:00,01/21/17,56.544166564941406,11.715389251708984
1346,01/22/17 00:00:00,01/22/17,57.20181846618652,8.174936294555664
1347,01/23/17 00:00:00,01/23/17,56.39793872833252,7.225344657897949
1348,01/24/17 00:00:00,01/24/17,57.01878643035889,6.930136680603027
1349,01/25/17 00:00:00,01/25/17,57.36585521697998,6.834272384643555
1350,01/26/17 00:00:00,01/26/17,57.05150604248047,6.802704811096191
1351,01/27/17 00:00:00,01/27/17,56.87108612060547,6.792262077331543
1352,01/28/17 00:00:00,01/28/17,59.16135501861572,10.27734661102295
1353,01/29/17 00:00:00,01/29/17,56.885212898254395,10.548924446105957
1354,01/30/17 00:00:00,01/30/17,56.75770854949951,7.885618209838867
1355,01/31/17 00:00:00,01/31/17,55.6242618560791,7.137457847595215
1356,02/01/17 00:00:00,02/01/17,57.61573600769043,6.901806831359863
1357,02/02/17 00:00:00,02/02/17,58.221625328063965,6.8249664306640625
1358,02/03/17 00:00:00,02/03/17,57.54373645782471,6.799629211425781
1359,02/04/17 00:00:00,02/04/17,58.17719268798828,6.791243553161621
1360,02/05/17 00:00:00,02/05/17,58.0304479598999,6.788464546203613
1361,02/06/17 00:00:00,02/06/17,58.457085609436035,6.787543296813965
1362,02/07/17 00:00:00,02/07/17,57.169461250305176,6.787238121032715
1363,02/08/17 00:00:00,02/08/17,56.42806148529053,6.787137031555176
1364,02/09/17 00:00:00,02/09/17,58.04547119140625,6.787103652954102
1365,02/10/17 00:00:00,02/10/17,56.93247890472412,6.787092208862305
1366,02/11/17 00:00:00,02/11/17,56.29161071777344,6.787088394165039
1367,02/12/17 00:00:00,02/12/17,55.92259502410889,6.787087440490723
1368,02/13/17 00:00:00,02/13/17,54.687960624694824,6.787087440490723
1369,02/14/17 00:00:00,02/14/17,56.532429695129395,6.787087440490723
1370,02/15/17 00:00:00,02/15/17,55.03910827636719,6.787087440490723
1371,02/16/17 00:00:00,02/16/17,55.20139503479004,6.787087440490723
1372,02/17/17 00:00:00,02/17/17,54.27268886566162,6.787087440490723
1373,02/18/17 00:00:00,02/18/17,55.623538970947266,10.125494956970215
1374,02/19/17 00:00:00,02/19/17,56.11093235015869,7.775230407714844
1375,02/20/17 00:00:00,02/20/17,55.2700309753418,7.103459358215332
1376,02/21/17 00:00:00,02/21/17,57.031558990478516,10.512924194335938
1377,02/22/17 00:00:00,02/22/17,57.42526054382324,7.876348495483398
1378,02/23/17 00:00:00,02/23/17,59.84457492828369,8.03168773651123
1379,02/24/17 00:00:00,02/24/17,60.56332206726074,7.182048797607422
1380,02/25/17 00:00:00,02/25/17,63.02797031402588,6.916202545166016
1381,02/26/17 00:00:00,02/26/17,65.94675636291504,10.37136173248291
1382,02/27/17 00:00:00,02/27/17,67.87373352050781,7.839691162109375
1383,02/28/17 00:00:00,02/28/17,66.6211404800415,7.123344421386719
1384,03/01/17 00:00:00,03/01/17,66.5623664855957,10.976202964782715
1385,03/02/17 00:00:00,03/02/17,68.35533142089844,12.909719467163086
1386,03/03/17 00:00:00,03/03/17,70.81837940216064,12.065672874450684
1387,03/04/17 00:00:00,03/04/17,72.82111740112305,8.257831573486328
1388,03/05/17 00:00:00,03/05/17,74.2179126739502,7.250205039978027
1404,03/21/17 00:00:00,03/21/17,71.47902774810791,19.10018825531006
1405,03/22/17 00:00:00,03/22/17,69.79362773895264,9.615989685058594
1406,03/23/17 00:00:00,03/23/17,70.26432228088379,12.980453491210938
1407,03/24/17 00:00:00,03/24/17,68.33940410614014,8.466257095336914
1408,03/25/17 00:00:00,03/25/17,70.01766395568848,10.889017105102539
1409,03/26/17 00:00:00,03/26/17,68.74820518493652,7.9721574783325195
1410,03/27/17 00:00:00,03/27/17,66.55748176574707,7.1639299392700195
1411,03/28/17 00:00:00,03/28/17,67.47190189361572,6.9103593826293945
1412,03/29/17 00:00:00,03/29/17,65.92861843109131,6.827777862548828
1413,03/30/17 00:00:00,03/30/17,64.53534698486328,6.800558090209961
1414,03/31/17 00:00:00,03/31/17,64.7629222869873,10.710944175720215
1415,04/01/17 00:00:00,04/01/17,66.10406303405762,7.927077293395996
1416,04/02/17 00:00:00,04/02/17,68.43735599517822,7.15015983581543
1417,04/03/17 00:00:00,04/03/17,68.30107688903809,10.99817943572998
1418,04/04/17 00:00:00,04/04/17,66.18592643737793,11.799907684326172
1419,04/05/17 00:00:00,04/05/17,63.679301261901855,10.91006851196289
1420,04/06/17 00:00:00,04/06/17,61.9649772644043,7.977453231811523
1421,04/07/17 00:00:00,04/07/17,62.81160545349121,7.165544509887695
1422,04/08/17 00:00:00,04/08/17,65.33486747741699,10.559732437133789
1423,04/09/17 00:00:00,04/09/17,64.6054630279541,7.888397216796875
1424,04/10/17 00:00:00,04/10/17,64.80835914611816,7.138310432434082
1425,04/11/17 00:00:00,04/11/17,67.22475337982178,7.464783668518066
1426,04/12/17 00:00:00,04/12/17,65.74931621551514,7.006430625915527
1427,04/13/17 00:00:00,04/13/17,64.93739795684814,6.859241485595703
1428,04/14/17 00:00:00,04/14/17,64.47681713104248,6.810948371887207
1429,04/15/17 00:00:00,04/15/17,62.67790508270264,6.794991493225098
1430,04/16/17 00:00:00,04/16/17,64.20013809204102,6.789707183837891
1431,04/17/17 00:00:00,04/17/17,66.09845733642578,6.787955284118652
1432,04/18/17 00:00:00,04/18/17,64.10033416748047,8.4528169631958
1433,04/19/17 00:00:00,04/19/17,61.525452613830566,7.927316665649414
1434,04/20/17 00:00:00,04/20/17,62.15938854217529,11.735223770141602
1435,04/21/17 00:00:00,04/21/17,61.17863178253174,8.17967700958252
1436,04/22/17 00:00:00,04/22/17,63.090972900390625,11.315494537353516
1437,04/23/17 00:00:00,04/23/17,64.08521938323975,8.078103065490723
1438,04/24/17 00:00:00,04/24/17,62.898112297058105,7.196124076843262
1439,04/25/17 00:00:00,04/25/17,63.83333206176758,6.920737266540527
1440,04/26/17 00:00:00,04/26/17,63.32836627960205,6.8311872482299805
1441,04/27/17 00:00:00,04/27/17,65.08894538879395,6.801685333251953
1442,04/28/17 00:00:00,04/28/17,64.56532001495361,6.791924476623535
1443,04/29/17 00:00:00,04/29/17,63.24172115325928,6.788690567016602
1444,04/30/17 00:00:00,04/30/17,63.502068519592285,6.787618637084961
1445,05/01/17 00:00:00,05/01/17,62.11869430541992,6.787262916564941
1446,05/02/17 00:00:00,05/02/17,64.43975639343262,6.787145614624023
1447,05/03/17 00:00:00,05/03/17,63.1697301864624,6.787106513977051
1448,05/04/17 00:00:00,05/04/17,62.438443183898926,6.787093162536621
1449,05/05/17 00:00:00,05/05/17,62.01736354827881,6.7870893478393555
1450,05/06/17 00:00:00,05/06/17,62.43930149078369,6.787087440490723
1451,05/07/17 00:00:00,05/07/17,61.506781578063965,6.787087440490723
1452,05/08/17 00:00:00,05/08/17,62.5030574798584,6.787087440490723
1453,05/09/17 00:00:00,05/09/17,63.587796211242676,6.787087440490723
1454,05/10/17 00:00:00,05/10/17,63.70132064819336,6.787087440490723
1455,05/11/17 00:00:00,05/11/17,64.27776432037354,6.787087440490723
1456,05/12/17 00:00:00,05/12/17,62.56538105010986,6.787087440490723
1457,05/13/17 00:00:00,05/13/17,62.60153102874756,6.787087440490723
1458,05/14/17 00:00:00,05/14/17,64.66664981842041,6.787087440490723
1459,05/15/17 00:00:00,05/15/17,63.50481033325195,6.787087440490723
